Bird.ID,note.seq,Line,prediction,correct
JS0037,BBBBAAAABBBBABBABABABABAB,Blue,JS0206,FALSE
JS0037,BBBAAAAABBBBABBABABABABABABABAB,Blue,JS0206,FALSE
JS0037,BBBBAAAABBBBBABBABABABABABABABABAB,Blue,JS0206,FALSE
JS0037,ABBBBAAAAABBBBBABBABABABABABABABAB,Blue,JS0206,FALSE
JS0037,ABBBBAAAAABBBBBABBABABABAB,Blue,JS0206,FALSE
JS0052,ABBBBAAAAABBBBABABABABABABABABA,Blue,JS0206,FALSE
JS0052,ABBBBBBAAAAABBBBBBABB,Blue,JS0206,FALSE
JS0052,ABBBAAABBBBBABBBGABABABABAB,Blue,JS0206,FALSE
JS0052,ABBBAAAABBBBBABBGABABABABABABABG,Blue,JS0206,FALSE
JS0052,ABBBAAAAABBBBBBBABBGA,Blue,JS0206,FALSE
JS0243,ABBBBAAAABBBBABGABABABAB,Blue,JS0206,FALSE
JS0243,AAAABBBBAAAABBBBABGABABABABABABABAB,Blue,JS0206,FALSE
JS0243,AAAABBBAAAABBBBABGABABABABABABABABABAB,Blue,JS0206,FALSE
JS0243,AAAABBBBAAAABBBBABGABABABABABABAB,Blue,JS0206,FALSE
JS0243,ABBBBAAAABBBBBABGABABAB,Blue,JS0206,FALSE
JS0099,AAAAAAAAABBBAAAABBBBAB,Blue,JS0206,FALSE
JS0099,ABBBBAAAABBBABGABABABABAB,Blue,JS0206,FALSE
JS0099,ABAAAAABBBBAGABABABABAB,Blue,JS0206,FALSE
JS0099,AABBBAAAAABBBBABGABABABABAB,Blue,JS0206,FALSE
JS0099,ABBBAAAABBBBABGAB,Blue,JS0206,FALSE
JS0100,AAAABBBBBGABABABABAB,Blue,JS0206,FALSE
JS0100,ABBBBAAAAAAABBBBBABG,Blue,JS0206,FALSE
JS0100,AAABBBBAAAAAABBBBABG,Blue,JS0206,FALSE
JS0100,AAAABBBBBAAAAABBBBABGABABABABABAB,Blue,JS0206,FALSE
JS0100,AAABBBBGABABABABABABABAB,Blue,JS0206,FALSE
JS0101,ABBBBAAAABBBBABGABABAB,Blue,JS0206,FALSE
JS0101,ABBBAAAAABBBBBABGABABABAB,Blue,JS0206,FALSE
JS0194,DABBBAAAABBBABGABABABAB,Blue,JS0206,FALSE
JS0194,ABBAAAAABBBBABGABABABABAB,Blue,JS0206,FALSE
JS0194,ABBBAAAAABBBBABGABABABABABAB,Blue,JS0206,FALSE
JS0194,DAAABBBAAAAABBBBABGABABABABABABAB,Blue,JS0206,FALSE
JS0194,ABBBAAAABBBBABGABABABAB,Blue,JS0206,FALSE
JS0195,ABBBAAABBBBABGABABABABABG,Blue,JS0206,FALSE
JS0195,ABBBAAAABBBBABGABABABABG,Blue,JS0206,FALSE
JS0206,AAAAAAAAAAAABBBBABGABABABABABABABABG,Blue,JS0206,TRUE
JS0206,AAAAAAAAAAAAABBBBABGABABABABABABG,Blue,JS0206,TRUE
JS0206,AAAAAAAAAAABBBBABGABABA,Blue,JS0206,TRUE
JS0206,DAAAAAAAAAABBBBABGABABABABAB,Blue,JS0206,TRUE
JS0206,AAAAAAAAAAAABBBBABGABABABABAAAAABBBBABG,Blue,JS0206,TRUE
JS0276,AAAABBBAAABBBDABGABABABABABABGABDABDAB,Blue,JS0206,FALSE
JS0276,AAAABBABBBAAABBBDABGABDABDABDABGGABAB,Blue,JS0206,FALSE
JS0276,AAAAABBBABBAAABBBDABGABDABDABDABDABDAB,Blue,JS0206,FALSE
JS0276,AAAAABBBAAABBBDABGABDABDABDABABDABDAB,Blue,JS0206,FALSE
JS0276,AAABBBAAABBBDABGABABABABDABABDABGABDABAB,Blue,JS0206,FALSE
JS0003,DBDBDBDBDBAAAAAAAEEEEDDBBEAEAEAEAEAAAEEDDBBBDBDBDBAAEEEEDDBBBDBDB,Pink,JS0003,TRUE
JS0003,DBDBDBDBDBDBAAAAAEEEEDDBBEAEAEAEAEAEDDBBBDBDBDBDBDBAAAEEEEDDBBB,Pink,JS0003,TRUE
JS0003,ADBDBDBDBDBDBAAAAAAAAAAEEEDDBDBBEAEAEAEAEDDBBBDB,Pink,JS0003,TRUE
JS0003,DBADBDBDBDBDBAAAAAEEEEEDDBDBBEAEAEAEAEAAAEEEEDDBBBDBDBDB,Pink,JS0003,TRUE
JS0040,AAAEEEEDBBDBDBDBDBAAEEEDBBBDBDBDBDBAAEEEEDB,Pink,JS0165,FALSE
JS0040,DDDDDDDDDDDDDBDBAAAAEEEEDBBBDBDBDBDBAAEEEEDBBAAAEEEEDB,Pink,JS0003,FALSE
JS0040,DBDBDBDBAAAAEEEEDBBBDBDBDBAAEEEEDBB,Pink,JS0165,FALSE
JS0040,DAAAEEEEDBBBDBDBDBAAEEEDBBDB,Pink,JS0165,FALSE
JS0040,AAAEEEEDBBBDBDBDBAAEEEEDBB,Pink,JS0165,FALSE
JS0041,DDBADBDBDBDBDBAAAAAEEEDBBEAEAEAEEDBDBBDBDBAA,Pink,JS0165,FALSE
JS0041,ADBDBDBDBAAAAEEEDBDDDAAAAAEEEDBBDBDBAAEEEDBDBBDB,Pink,JS0165,FALSE
JS0041,ADBDBDBDBAAAEEEDBBEAEAEAEEDBDBBDBDBA,Pink,JS0165,FALSE
JS0041,DBDBDBDBAAAAEEEDBBEAEAEAEEDBDBBDBDBAAEEEDBDB,Pink,JS0165,FALSE
JS0041,DDDBDBDBDBDBAAAAAEEEDBBEAEAEAEEDBDBBDBDBAAEEDDDD,Pink,JS0003,FALSE
JS0042,BDBDBDBAAAAEEEDBDBBEAEAEAEAEAEAEEDB,Pink,JS0041,FALSE
JS0042,DBDBDBAAAEEEDBDBBEAEAEAEAEDBDB,Pink,JS0165,FALSE
JS0042,ADBDBDBDBAAAEEEDBDBBEAEAEAEAEDB,Pink,JS0102,FALSE
JS0042,AAAEEEDBDBBEAEAEAEAEDBDBBDBDBAAEEEDB,Pink,JS0165,FALSE
JS0042,AAAEEEDBDBBDBDBAAEEEDBDBBEAEAEAE,Pink,JS0165,FALSE
JS0044,DBBEAEAEAEAEEDB,Pink,JS0074,FALSE
JS0044,ADBDBDBAAAAAAEDBDBDBDBDBAAEEEDBDBBEAEAEAEEDBDB,Pink,JS0165,FALSE
JS0044,DBADBDBAAAAAAEDBDBDBDBDBAAEEEDBDB,Pink,JS0003,FALSE
JS0044,DBADBDBDBAAAAAAEDBDBDBDBDBAAEEEDBDBBEAEAEAEAEE,Pink,JS0165,FALSE
JS0044,ADBADBDBDBAAAAAEDBDBDBDBAAEEEDBDBBEAEAEAE,Pink,JS0165,FALSE
JS0045,AABBBBBAAAABBBBA,Pink,JS0046,FALSE
JS0045,AABBBBBAAAAABBBA,Pink,JS0074,FALSE
JS0045,AABBBBBAAAABBBBAAAA,Pink,JS0074,FALSE
JS0045,AABBBBBBAAAAABBBBAA,Pink,JS0046,FALSE
JS0045,AABBBBBBAAAABBBBBAA,Pink,JS0046,FALSE
JS0046,EAEAEAEAEAEEDDAAAAAAAAEEED,Pink,JS0041,FALSE
JS0046,EEEDEAEAEAEAEAEEDD,Pink,JS0041,FALSE
JS0046,EDEAEAEAEAEAEEEDDA,Pink,JS0041,FALSE
JS0046,AAAAEEEEEDEAEAEAEAEAEAEEDDAAAAAAEEEED,Pink,JS0041,FALSE
JS0046,AAAAEEEEDEAEAEAEAEAEEDD,Pink,JS0041,FALSE
JS0074,AABBBBAAAABBBBB,Pink,JS0046,FALSE
JS0074,DAABBBBBBBAAAAABBBBBA,Pink,JS0046,FALSE
JS0074,AAABAAABBBBBBBAAD,Pink,JS0074,TRUE
JS0074,AABBBBBBBBAAAABBBBB,Pink,JS0046,FALSE
JS0074,AABBBBBBBAAAAAABBBBBB,Pink,JS0046,FALSE
JS0077,DBDBDBAAAAAEEEDB,Pink,JS0074,FALSE
JS0077,EDDBDBAAAAAEEEDBDBBBDBDB,Pink,JS0165,FALSE
JS0077,BDBDBAAEEED,Pink,JS0074,FALSE
JS0087,AAAEEEDBBEA,Pink,JS0074,FALSE
JS0087,AEEEDBBEADDDDDDEAEAEEDBD,Pink,JS0165,FALSE
JS0087,AEEEDBBEA,Pink,JS0074,FALSE
JS0092,BGMBBBBAAAABBB,Pink,JS0046,FALSE
JS0092,BGMBBBAAAB,Pink,JS0046,FALSE
JS0092,DMGMBBBAA,Pink,JS0046,FALSE
JS0092,MGMBBBAAAABBBB,Pink,JS0046,FALSE
JS0102,BDBDBDBDBDBDBAAEEEBBBEAEAEAEAE,Pink,JS0102,TRUE
JS0102,DBDBDBDBDBDBDBDBAAEEEBBBEAEAEAEAEEBB,Pink,JS0165,FALSE
JS0102,DBDBDBDBAAEEEBBBEAEAEAEAEEBBDBDB,Pink,JS0165,FALSE
JS0102,BDBDBDBDBDBDBDBAAEEEBBBEAEAEAEAEAEEBB,Pink,JS0165,FALSE
JS0102,AAEBDBDBDBDBDBDBDBAAEEEBBBEAEAEAEAEEB,Pink,JS0165,FALSE
JS0164,AAAEDEDEDEDEAEAEAEAEAEAEAEDD,Pink,JS0041,FALSE
JS0164,AAAAAAEDEDEDEDEAEAEAEAEAEAEDDA,Pink,JS0041,FALSE
JS0165,AAAAAAAAAAAEEEEDEAEAEAEAEAEAEEDDAAAAAEEEDEAEAEAEAEAEA,Pink,JS0041,FALSE
JS0165,AAAAAAAAAAAAEEEEEDEAEAEAEAEAEAEEDDAAAAAEEED,Pink,JS0041,FALSE
JS0165,AAAAAAAAAAAAEEEEEDEAEAEAEAEAEAEEDDAAAAAEEEDEA,Pink,JS0041,FALSE
JS0165,AAAAAAAAAAAEEEEEDEAEAEAEAEAEEDDAAAAAEEEDEAEAEAE,Pink,JS0041,FALSE
JS0229,AAAAAAAAABBBBAAAAABBABBBMBB,Pink,JS0046,FALSE
JS0229,AAAAAAAAABBBBAAAAAABBABBBDMD,Pink,JS0041,FALSE
JS0229,AAAAAAAAABBBBBBAAAAABBABMBBB,Pink,JS0046,FALSE
JS0229,AAAAAAAAAABBBBBAAAABMBBBB,Pink,JS0102,FALSE
JS0229,AAAAAAAABBBBBBAAEBBABBMBBB,Pink,JS0046,FALSE
JS0119,AAAAAAAAEBEBEABBEABAAAAAEBEABBEABBE,Turquoise,JS0264,FALSE
JS0119,AAAAAAAEBEBEABBEABBEABAAAAAEBEABBE,Turquoise,JS0264,FALSE
JS0119,AAAAAAAEBEBEABBEABAAAAAEBEABBEAB,Turquoise,JS0264,FALSE
JS0119,AAAAAAAAEBEBEABBEABAAAAAEBEABBE,Turquoise,JS0264,FALSE
JS0119,AAAAAAAAEBEABBEABAAAAAEBEABBE,Turquoise,JS0264,FALSE
JS0264,GBBEIIAALLLLLLLLLLLNGBBEIIAAGBBE,Turquoise,JS0264,TRUE
JS0264,GBBEIIAALLLLLLLLLNGBBEIIAAGBBE,Turquoise,JS0264,TRUE
JS0264,GBBEIIAALLLLLLLLLNGBBEIIAAGBBE,Turquoise,JS0264,TRUE
JS0264,GBBEIIAALLLLLLLLLLNGBBEIIAAGBBE,Turquoise,JS0264,TRUE
JS0264,AAGBBEIIAALLLLLLLLLLNGBBEIIAAGBBE,Turquoise,JS0264,TRUE
JS0300,AAAAAAGBBEIIAAGBBEIIAAGBBEIIA,Turquoise,JS0264,FALSE
JS0300,AAAAAAAAGBBEIIAAGBBEIIA,Turquoise,JS0264,FALSE
JS0300,AAAAAAAAAGBBEIIAAGBBEIIA,Turquoise,JS0264,FALSE
JS0300,AAAAAGBBEIIAAGBBEIIAAGBBE,Turquoise,JS0264,FALSE
JS0300,AAAAAAAAAGBBEIIAAGBBEIIAAGBBEIE,Turquoise,JS0264,FALSE
JS0005,DBEDEDBDBDBDBDBDBDBDEDKDEDKDEDBDBDBDBDBDB,White,JS0218,FALSE
JS0005,DBEDEDBDBDBDBDBDBDEDKDEDKDEDKDEDBDBDBDB,White,JS0218,FALSE
JS0005,DDDBEDEDBDBDBDBDBDBDBDEDKDEDKDEDKDEDBDB,White,JS0218,FALSE
JS0005,DBEDEDBDBDBDBDBDBDEDKDEDKDEDBDBDBDB,White,JS0218,FALSE
JS0005,DBEDEDBDBDBDBDBDBDBDEDKDEDKDEDKDEDBDBDBDBDBDBDB,White,JS0218,FALSE
JS0170,DBDBDBEDEDBDBDBDBDBDBDBDKDE,White,JS0218,FALSE
JS0171,DBDBDBEDEDBDBDBDBDBDBDBDKDEDKDEDBDBDBDBDBDBDBDKDEDKDEDBDBDBDBDBDBDKDEDKDEDKDE,White,JS0217,FALSE
JS0171,DEDBDBDBDBDBDBDBDBDKDEDKDEDBDPDKDEDKDEDKDEDBDBDBDBDBDBDBDKDEDKDEDKDEDBDBDB,White,JS0218,FALSE
JS0216,DADADADADBDBDBDBEDEDBDBDBDBDBDBDKDEDKDEDBDBDB,White,JS0218,FALSE
JS0216,DDADADADBDBDBDBEDEDBDBDBDBDBDBDKDEDKDEDBDBDBDBDBDBDKDE,White,JS0218,FALSE
JS0216,DADADADADBDBDBDBEDEDBDBDADBDBDBDBEDEDBDBDBDBDB,White,JS0218,FALSE
JS0216,DADADADBDBDBEDEDBDBDBDBDBDBDKDEDKDE,White,JS0218,FALSE
JS0216,DDDADADADADADBDBDBDBEDEDBDBDBDBDBDBDKDEDKDE,White,JS0216,TRUE
JS0217,AAAAAAAAAAAAADAADADADADADADADADADAADAAADAADADADADADA,White,JS0216,FALSE
JS0217,AAAAAAAAAAAAAADAADADADADADADADAADADAADADAA,White,JS0216,FALSE
JS0217,AAAAAAAAAAAAAADADADADADADADADADADADADADADADAADAADADAAA,White,JS0216,FALSE
JS0217,AAAAAAAAAAAAAAAADADADADADADADADADAAAAADAAAAAAADAA,White,JS0171,FALSE
JS0217,AAAAAADADADADADADADADADADADADAADAAADADAADAA,White,JS0216,FALSE
JS0218,DADADADBDBDBDBDBDBEDEDBDBDBDBDBDKDEDKDEDBDB,White,JS0218,TRUE
JS0218,DADADADBDBDBDBEDEDBDBDBDBDBDBDKDEDKDEDBDBDBDBDKDEDKDE,White,JS0218,TRUE
JS0218,DADADADBDBDBDBEDEDBDBDBDBDBDKDEDKDEDBDBDBDKDE,White,JS0218,TRUE
JS0218,DADADADBDBDBEDEDBDBDBDBDBDBDKDEDKDEDBDBDBDKDEDKDE,White,JS0218,TRUE
JS0218,DADADADBDBDBEDEDBDBDBDBDBDBDKDEDKDEDBDBDBDBDBDKDEDB,White,JS0218,TRUE
JS0023,AAAAAACCCCCCCCCCCCCCCEEECCBHABABACCCCCCCCCCEECCB,Yellow,JS0051,FALSE
JS0023,AAAAAACCCCCCCCCCCCCCCEECCBHABACCCCCCCCCCCCCCEECCBHABAACCCCCCCCCCEECCB,Yellow,JS0051,FALSE
JS0023,AAAAAAACCCCCCCCCCCCCCCEEECCBHABABACCCCCCC,Yellow,JS0079,FALSE
JS0023,AAAAAACCCCCCCCCCCCCCEECCBHABABACCCCCCCCCCCCEECCBHA,Yellow,JS0051,FALSE
JS0023,AAAAACCCCCCCCCCCCCCCCEEECCBHABABACCCCCCCCCCCCEECCB,Yellow,JS0051,FALSE
JS0051,AAAAAACCCCCCCCCCCCCCCCCEECBHABACCCCCCCCCCCCCCCCEECBHA,Yellow,JS0051,TRUE
JS0051,AAAAACCCCCCCCCCCCCCCCCCCEECBHABACCCCCCCCCCCCCCCCCCEE,Yellow,JS0051,TRUE
JS0051,AAAACCCCCCCCCCCCCCCCCCCCCEECBHAHACCCCCCCCCCCCCCCCCCCEECB,Yellow,JS0051,TRUE
JS0051,AAAAACCCCCCCCCCCCCCCCCCEECBHABACCCCCCCCCCCCCCCCCCCEECBH,Yellow,JS0051,TRUE
JS0051,AAAAAACCCCCCCCCCCCCCCCCEECBHABACCCCCCCCCCCCCCCCCEECBH,Yellow,JS0051,TRUE
JS0072,AAAAAAACCCCCCCCCCCCCCCCCCCCCCEECBHABABACCCCCCCCCEECBH,Yellow,JS0079,FALSE
JS0072,AAAAAAACCCCCCCCCCCCCCCCCCEECBHABABACCCCCCCCCCEECBHABABACCCCCCCCCCCEECB,Yellow,JS0079,FALSE
JS0072,AAAAAAAAAAACCCCCCCCCCCCCCCCCCEECBHABABACCCCCCCCCCCCCCEECBHABABA,Yellow,JS0072,TRUE
JS0072,AAAAAAACCCCCCCCCCCCCCCCCCCCCEECBHABABACCCCCCCCCEECBHAB,Yellow,JS0079,FALSE
JS0072,AAAAAAACCCCCCCCCCCCCCCCCEECBHABABACCCCCCCCCCCCCEECBHABAB,Yellow,JS0051,FALSE
JS0079,AAAACCCCCCCCCCCCCCCCCEECBHABACCCCCCCCCCCCCCEECBHABACCCCCCCCCCCCCCCCEECBH,Yellow,JS0051,FALSE
JS0079,AAAACCCCCCCCCCCCCCCCCCCEECBHABACCCCCCCCCCCCCCCEECBH,Yellow,JS0051,FALSE
JS0079,AAAAACCCCCCCCCCCCCCCEECBHABACCCCCCCCCCCCCCCCEECBHABACCCCC,Yellow,JS0079,TRUE
JS0079,AAAACCCCCCCCCCCCCCCCCCEECBHABACCCCCCCCCCCCCCCEECBHAB,Yellow,JS0051,FALSE
JS0079,AAAAACCCCCCCCCCCCCCCCCCCEECBHABACCCCCCCCCCCCCCCCEECBHABACCCCCCCCCCCC,Yellow,JS0079,TRUE
JS0080,AAACCCCCCEBHABACCCCCEBHABACCCCCCEBH,Yellow,JS0051,FALSE
JS0080,AAACCCCCCCCEBHABACCCCCCCECCCCCEBHBACCCCCCCECCCCCCCEB,Yellow,JS0051,FALSE
JS0080,AAACCCCCCEBHABACCCCCCEBHABAAAACCCCCCCCCCE,Yellow,JS0051,FALSE
JS0080,AAACCCCCCCEBHABACCCCCCECCCCCCEBHAAAACCCCCCCCEBHABACCCCCCCCECCCCCCEBBACC,Yellow,JS0198,FALSE
JS0080,AAACCCCCCCCCCECCCCCEBHABACCCCCCCCECCCCCCCAAACCCCCCCCCEBHABACCCCCCCE,Yellow,JS0081,FALSE
JS0081,AAAACCCCCCCCEBHABACCCCCCCECCCCCCCEBHABACCCCCCE,Yellow,JS0081,TRUE
JS0081,AAAACCCCCCCCEBHABACCCCCCCECCCCCCE,Yellow,JS0329,FALSE
JS0081,AAAACCCCCCCCEBHABACCCCCCECCCCCCE,Yellow,JS0329,FALSE
JS0081,AAAACCCCCCCCCEBHABACCCCCCCECCCCCCCEBH,Yellow,JS0081,TRUE
JS0081,AAAACCCCCCCCEBHABACCCCCCCECCCCCCEBHABACCCCCCCECCCCCCEB,Yellow,JS0051,FALSE
JS0198,AAAAAAAACCCCCCCCCCCCCCCCCCCCCCEEBHABACCCCCCCCCCCCCCEEBHABACCCCCCCCCCCCCCCEEBHAB,Yellow,JS0198,TRUE
JS0198,AAAAAAAAACCCCCCCCCCCCCCCCCCCCCEEBHABACCCCCCCCCCCCCCCCEEBHABACCCCCCCCCCCEEBHAB,Yellow,JS0198,TRUE
JS0198,AAAAAAAAACCCCCCCCCCCCCCCCCCCCCEEBHABACCCCCCCCCCCCCCCEEBHABACCCCCCC,Yellow,JS0198,TRUE
JS0198,AAAAAAACCCCCCCCCCCCCCCCCCCCCCEEBHABACCCCCCCCCCCCCCCCEEBHABACCCCCCCCCCCCCCCEEBHA,Yellow,JS0198,TRUE
JS0198,AAAAAAACCCCCCCCCCCCCCCCCCCCCEEBHABACCCCCCCCCCCCCEEBHABACCCCCC,Yellow,JS0079,FALSE
JS0199,AAAAAAAAACCCCCCCCCCEECBAAAAAAAAAAAAAACCCCCCCCCCEECBH,Yellow,JS0079,FALSE
JS0199,AAAAACCCCCCCCCEECBAAAAAAAAAACCCCCCCCCEECBHABACCCCCCCEECBH,Yellow,JS0051,FALSE
JS0199,AAAAAAAAACCCCCCCCCCEECBHABACCCCCCCEECBHABACC,Yellow,JS0079,FALSE
JS0199,AAAAAAAAACCCCCCCCCCEECBAAAAAAAA,Yellow,JS0079,FALSE
JS0199,AAAAAAAAAACCCCCCCCCCEECBHABACCCCCCCCEECBHABACCCCCCCCEECBH,Yellow,JS0198,FALSE
JS0201,AAAAAABHABAAABHABAAABHABA,Yellow,JS0198,FALSE
JS0201,AAAAAAAABHABAAABHABAAAAAA,Yellow,JS0198,FALSE
JS0201,AAAAAAAABHABAAABHABAAAABHABAA,Yellow,JS0198,FALSE
JS0201,AAAAAAAABHABAAABHABAAA,Yellow,JS0051,FALSE
JS0225,AAAAACCCCCCCCCCCCEEOHABABACCCCCCCCCEEIAAAAACCCCCCCCCCEEI,Yellow,JS0051,FALSE
JS0225,AAAAAAAACCCCCCCCCCCEEOHABABACCCCCCCCCEEIAAAAACCCCCCCCCCEEI,Yellow,JS0198,FALSE
JS0225,AAAAAACCCCCCCCCCCCEEOHABABACCCCCCCEEIAAAAACCCCCCCCCCCEEIA,Yellow,JS0198,FALSE
JS0225,AAAAAACCCCCCCCCCEEOHABABACCCCCCCCCEEIAAAAACCCCCCCCCCEEI,Yellow,JS0051,FALSE
JS0253,AAAAAFFGAFAFAFAAFA,Yellow,JS0051,FALSE
JS0253,AAAAAFGAFAFFFA,Yellow,JS0051,FALSE
JS0253,AAAAAAAFGAFAFAFFFAAAAAA,Yellow,JS0051,FALSE
JS0253,AAAAAAAAFGAFAFAFFFA,Yellow,JS0051,FALSE
JS0329,AAAAAFFFGAFAFFFAAAAAAFGAFAFFFAAAAAAFG,Yellow,JS0198,FALSE
JS0329,AAAAAAAFFGAFAFFFAAAAAAAFGAFAFFFAAAAAAFG,Yellow,JS0198,FALSE
JS0329,AAAAAAAAAFFGAFAFFFAAAAAAFGAFAFFFAAA,Yellow,JS0198,FALSE
JS0329,AAAAAAFFGAFAFFFAAAAAAFGAFAFFAAAAAAAF,Yellow,JS0198,FALSE
JS0329,AAAAAFFGAFAFFFAAAAAAAFGAFAFFFAAAAAFG,Yellow,JS0198,FALSE
JS0064,AAAAAAAAAAAAAAAAAAAEAA,Pale Blue,JS0189,FALSE
JS0064,AAAAAAAAAAAAAAAAAAAAAD,Pale Blue,JS0189,FALSE
JS0064,AAAAAAAAAAAAAAAAAAA,Pale Blue,JS0189,FALSE
JS0064,AAAAAAAAAAAAAAAAAAAAAAA,Pale Blue,JS0189,FALSE
JS0085,AAAAAAAAAAAAAAA,Pale Blue,JS0189,FALSE
JS0085,AAAAAAAAAAAAAA,Pale Blue,JS0189,FALSE
JS0085,AAAAAAAAAAAAAAAAAAAAAAA,Pale Blue,JS0189,FALSE
JS0085,AAAAAAAAAAAA,Pale Blue,JS0189,FALSE
JS0085,DDDDDDDAAAAAAAAAAAAAA,Pale Blue,JS0189,FALSE
JS0086,AAAAAAAAAAA,Pale Blue,JS0189,FALSE
JS0086,AAAAAAAAA,Pale Blue,JS0086,TRUE
JS0086,AAAAAAAAAAAAAADAAAA,Pale Blue,JS0189,FALSE
JS0086,AAAAAAAAA,Pale Blue,JS0086,TRUE
JS0086,AAAAAA,Pale Blue,JS0086,TRUE
JS0189,AAAAAAAAAAAAAAAAAAAAAAAAAAAAAAAAAAAAAAAAAA,Pale Blue,JS0189,TRUE
JS0189,AAAAAAAAAAAAAAAAAAAAAAAAAAAAAAAAAAAAAAAA,Pale Blue,JS0189,TRUE
JS0189,AAAAAAAAAAAAAAAAAAAAAAAAAAAAAAAAAAAA,Pale Blue,JS0189,TRUE
JS0189,AAAAAAAAAAAAAAAAAAAAAAAAAAAAAAAAAA,Pale Blue,JS0189,TRUE
JS0189,AAAAAAAAAAAAAAAAAAADAAAAAAAA,Pale Blue,JS0189,TRUE
JS0219,AAAAAAAAAAAAAADADAADADADAAADAADAAA,Pale Blue,JS0064,FALSE
JS0219,AAAAAAAAAAAAAADAADAAADAAAAAAAAA,Pale Blue,JS0189,FALSE
JS0219,AAAAAAAAAAAAAAADAAAAAAAAAAAAAAA,Pale Blue,JS0189,FALSE
JS0219,AAAAAAAAAAAAADADAADADADADAAAAAADAAADAA,Pale Blue,JS0064,FALSE
JS0219,AAAAAAAAAAAADADADADADADADADADADAAAADA,Pale Blue,JS0189,FALSE
JS0220,AAAAAAAAAAAAAAAA,Pale Blue,JS0189,FALSE
JS0220,AAAAAAAAAAAAAAAAAAAA,Pale Blue,JS0189,FALSE
JS0220,AAAAAAAAAAAAAAAA,Pale Blue,JS0189,FALSE
JS0220,AAAAAAAAAAAAAAAAAAAAAA,Pale Blue,JS0189,FALSE
JS0220,AAAAAAAAAAAAAAAAAAAAA,Pale Blue,JS0189,FALSE
JS0267,AAAAAAAABBBBBBABABABABABABABABABABABABABAB,Green,JS0317,FALSE
JS0267,AAAAABBBBBBABABABABABABABABABABAB,Green,JS0317,FALSE
JS0267,ABBBBBABABABABABABABABABABABABABABA,Green,JS0317,FALSE
JS0267,AABBBBBABABABABABABABABABABABABABAB,Green,JS0317,FALSE
JS0267,AAAAABBBBBABABABABABABABABABABABABABABABAB,Green,JS0317,FALSE
JS0002,ABBABABABBABABABB,Green,JS0317,FALSE
JS0002,BBBBAAABABABBABABABB,Green,JS0317,FALSE
JS0002,ABBBABABABAABBABBBABABABAB,Green,JS0317,FALSE
JS0002,ABBBAAAAABABBABABABBABB,Green,JS0317,FALSE
JS0002,BBBAAABBABABABBEABABBBB,Green,JS0317,FALSE
JS0048,ABABBBBAABABABABABABAB,Green,JS0317,FALSE
JS0048,ABAABBBBAABABABABABABABAEAB,Green,JS0317,FALSE
JS0048,ABBBBBAABABABAB,Green,JS0317,FALSE
JS0048,AABBBBAABABABABABABAB,Green,JS0317,FALSE
JS0048,AABBBBBAABABABABAEAB,Green,JS0317,FALSE
JS0114,BBBBAABABABABAB,Green,JS0317,FALSE
JS0114,ABBBBAABABABABABABABAB,Green,JS0317,FALSE
JS0114,ABBBBBAABABABABAB,Green,JS0317,FALSE
JS0114,AAABBBAABABABABABABABABAB,Green,JS0317,FALSE
JS0114,ABBBAABABABABABABABABABABAB,Green,JS0317,FALSE
JS0187,ABBBBBAABABABABABABAB,Green,JS0317,FALSE
JS0187,AABBBBBAABABABABABAEABABABABAB,Green,JS0317,FALSE
JS0187,ABBBBBBAABABABABABABABAEABAB,Green,JS0317,FALSE
JS0187,AABBBBBAABABABABABAB,Green,JS0317,FALSE
JS0187,AABBBBBAABABABABABAABABAEABABABABAEAB,Green,JS0317,FALSE
JS0231,AAAABBDBDBBAABABABADBABA,Green,JS0317,FALSE
JS0231,ABDBDBBDBAABABABADBAB,Green,JS0317,FALSE
JS0231,ABBDBDBBAABABAB,Green,JS0317,FALSE
JS0231,ABDBBBBAABABABADB,Green,JS0317,FALSE
JS0231,ADBDBDBDBDBAABABABADBABABAB,Green,JS0317,FALSE
JS0317,AAAAAAAAAAAAAAABBBBBBBBAAAAABABABABABABAB,Green,JS0317,TRUE
JS0317,DDDDDDDDADAAAAAAAAAAABBBBBBBBAAAABABABABABABABABABABAB,Green,JS0317,TRUE
JS0317,AAAAAAAAAAAAAABBBBBBBBBAAAABABABABABABABABABABAB,Green,JS0317,TRUE
JS0317,AAAAAAAAAAAAABBBBBBBBAAAABABABABABABABABABAB,Green,JS0317,TRUE
JS0317,AAAADAAAAAAAAAAABBBBBBBBBAAAAABABABABABAB,Green,JS0317,TRUE
JS0155,AAAABAABAABAABAABAABAABAABAABAABAABBA,Dark Pink,JS0155,TRUE
JS0155,AAAAAAAAAABAABAABAABBAABBAABAABAABAABAABAABAABAAAAAAAAAAAAAABBBBB,Dark Pink,JS0155,TRUE
JS0155,AAAABAABAABAABAABAABAABAABAABAABAABAABAA,Dark Pink,JS0155,TRUE
JS0155,AAAAAAAAAAAABAABAABAABAABBAAAAAAAABAAABAABBBBBAAAAAAAA,Dark Pink,JS0155,TRUE
JS0155,AAAAAAAAABAABAABAABAABAABAABAABAABBBBAAAAAAAAAAAAAABBBBBAABAABAABAAB,Dark Pink,JS0155,TRUE
JS0299,DAAAAAAAABBAABAABAABAABBBAAAAAAABAABAABBBAAAAAAAABB,Dark Pink,JS0155,FALSE
JS0299,AAAAAAABBAABAABAABBBAAAAAAABAABAABAABBBAAAAAAABBAA,Dark Pink,JS0155,FALSE
JS0299,AAAAAAAAABBAABAABAA,Dark Pink,JS0155,FALSE
JS0016,GBAAJJFGBABFBABFBABFBABFBABFBABFBABFFFFBA,Orange,JS0215,FALSE
JS0016,GBABFBABFBABFBABFBABFBABFBABFFFBAGBA,Orange,JS0215,FALSE
JS0016,GBABFBABFBABFBABFBABFBABFFBAGBABFBABFBAGBAJFBABFBABFBABFBABFBABFFF,Orange,JS0215,FALSE
JS0016,GBABFBABFBABFBABFBABFBABFFFGBABFBA,Orange,JS0215,FALSE
JS0016,GBABFJFBABFBABFBABFBAGBAGBA,Orange,JS0215,FALSE
JS0069,AJJFAJJFGBABFBABFBABFFFFGBABFBABFBABFBABFFFFFBAGBA,Orange,JS0215,FALSE
JS0069,AJJJFGBABFBABFBABFBAB,Orange,JS0215,FALSE
JS0069,AJJJJFGBABFBABFBABFBABAABFBABFBABFFFFBA,Orange,JS0215,FALSE
JS0069,AJJJJFAJJFGBABFBABFBABFBABFBABFBAB,Orange,JS0215,FALSE
JS0069,AJJJFAJJFGBABFBABFBABFBAAJJJFAJJFGBABFBABFBABFBFBABF,Orange,JS0215,FALSE
JS0094,AJJFGBABFBABFFFBABFFFBAB,Orange,JS0095,FALSE
JS0094,BAAAJJFAJJFGBABFBABFBABFFFFFB,Orange,JS0215,FALSE
JS0094,AJJJFGBABFBABFBABFFFBABFFFB,Orange,JS0215,FALSE
JS0094,DBAAJJFGBABFBABFBABFFFBABFFFBABFF,Orange,JS0215,FALSE
JS0094,BAAAAJJFGBABFBABFBABFFFBABFFFBABFFFBAB,Orange,JS0215,FALSE
JS0095,FAFFAFFFFFAFFAFFAFFAFFA,Orange,JS0324,FALSE
JS0095,AAFFAFAFAFFFFFAFFAFFAFFAFFFFA,Orange,JS0324,FALSE
JS0095,FAFAFFFAFFAFFAFFFAFFAFFAF,Orange,JS0324,FALSE
JS0095,FAFAFFFFFAFAFAFFFAFFAFF,Orange,JS0324,FALSE
JS0095,FAFAFFFFAFFAFFAFFAFFF,Orange,JS0324,FALSE
JS0096,AJJFAJJFGBABFBABFBABFBABFBABFBABFBABF,Orange,JS0215,FALSE
JS0096,GBBFBABFBABFBABFFFFFBAFFFBA,Orange,JS0215,FALSE
JS0096,AJJFGBABFBABFBABFBABFFFFBAFFFBA,Orange,JS0215,FALSE
JS0096,GBABFBABFBABFBABFFFBAFFFBA,Orange,JS0095,FALSE
JS0096,AJJFAJJFGBABFBABFBABFBABFFFFFFBAFFFBA,Orange,JS0215,FALSE
JS0215,AAAAFGAFAFAFFFAAAAAAFGAFAFAFFFAAAA,Orange,JS0324,FALSE
JS0215,AAAAFGAFAFAFFAAAAAAAFGAFAFA,Orange,JS0095,FALSE
JS0215,AAAAAFFGAFAFAAAAAAAFGAFAFFAAA,Orange,JS0095,FALSE
JS0215,AAFGAFAFAFFFAAAAAAAFGAFAFAA,Orange,JS0095,FALSE
JS0215,AAAAFFFGAFAFAAAAAFGAFAFFFAA,Orange,JS0095,FALSE
JS0252,AAAAAABBBAAAAJJFGBABFBABFBABFBABFFFBABBB,Orange,JS0215,FALSE
JS0252,AAAAAAJJFGBABFBABFFFBABBBBAJFGBABFBABFBABFFFB,Orange,JS0215,FALSE
JS0252,AAAAAJJFAJFGBABFBABFBABFFFBABBBAJFGBABFBABFBAB,Orange,JS0215,FALSE
JS0252,AABBBAAAJJFGBABFBABFBABFFFBABBBAJFGBABFBABFBABFFFB,Orange,JS0215,FALSE
JS0252,AAAABBBBAAAAJFGBABFBABFBABFFFFBABB,Orange,JS0215,FALSE
JS0324,ABBBAAEEFAEFGIBFIBFIBFFFBABBAAAAA,Orange,JS0324,TRUE
JS0324,ABBABAAEEFAEFGIBFIBFIBFFFBABBAAAEFGIBFIBFIBFF,Orange,JS0324,TRUE
JS0324,ABBAAAEEFAEFGIBFIBFIBFFFBABBAAAAEFGIBFIBFFFBAB,Orange,JS0324,TRUE
JS0324,ABBBAAEEFAEFGIBFIBFIBFFFBAB,Orange,JS0324,TRUE
JS0324,ABBBAAEJFAEFGIBFIBFIBFFBABBAAAAA,Orange,JS0324,TRUE
JS0036,AABBBABBBBBBBBBBB,Pale Green,JS0067,FALSE
JS0036,ABBBBABABBBBBBBBB,Pale Green,JS0067,FALSE
JS0036,AABBBBABABBB,Pale Green,JS0067,FALSE
JS0036,AABBBABABBBBBBB,Pale Green,JS0067,FALSE
JS0036,AABBBBABABBBBBB,Pale Green,JS0067,FALSE
JS0066,AABBABBBBBBBBBBBB,Pale Green,JS0067,FALSE
JS0066,AABBABBBBBBBBBBBBBB,Pale Green,JS0067,FALSE
JS0066,DAABBABBBBBBBBBA,Pale Green,JS0067,FALSE
JS0066,AABBABABBBBBBBBBBBBBB,Pale Green,JS0067,FALSE
JS0067,AAAAABBBABABBBBBBBBBBBBBBBBB,Pale Green,JS0067,TRUE
JS0067,AAAAAABBBABABBBBBBBBBBBBBBBBBBB,Pale Green,JS0067,TRUE
JS0067,AAABBBBABABBBBBBBBBBBBBB,Pale Green,JS0067,TRUE
JS0067,DAABBBBABABBBBBBBBBBB,Pale Green,JS0067,TRUE
JS0067,AAAABBBABABBBBBBBBBBBBBBBBBBB,Pale Green,JS0067,TRUE
JS0068,DDAAAAAABBABABBBBBBBBB,Pale Green,JS0067,FALSE
JS0068,AAAAAAAAABBABABBBBBBBB,Pale Green,JS0067,FALSE
JS0068,AAAAAAABBABABBBBBBBBBBB,Pale Green,JS0067,FALSE
