"sound.file","clutch","note.seq","bird.num","rec.num","rec.date","Bird.ID","Clutch","Subtutor","Line","Social.Father","Genetic.Father"
"JS0037-20130521-001.wav","A","ABBAAAABBBBABBABABABABABABABABAB",37,1,"21/05/2013","JS0037","A",NA,"Blue",NA,NA
"JS0037-20130521-002.wav","A","BBBBAAAABBBBABBABABABABAB",37,2,"21/05/2013","JS0037","A",NA,"Blue",NA,NA
"JS0037-20130521-003.wav","A","ABBBAAAABBBBABBABABABABABABABABAB",37,3,"21/05/2013","JS0037","A",NA,"Blue",NA,NA
"JS0037-20130521-004.wav","A","DBBBBAAAABBBBABABABABABABABABAB",37,4,"21/05/2013","JS0037","A",NA,"Blue",NA,NA
"JS0037-20130521-005.wav","A","ABBBAAAAABBBBABBABABABABABAB",37,5,"21/05/2013","JS0037","A",NA,"Blue",NA,NA
"JS0037-20130521-006.wav","A","BBBAAAAABBBBABBABABABABABABABAB",37,6,"21/05/2013","JS0037","A",NA,"Blue",NA,NA
"JS0037-20130521-007.wav","A","BBBBAAAABBBBBABBABABABABABABABABAB",37,7,"21/05/2013","JS0037","A",NA,"Blue",NA,NA
"JS0037-20130521-008.wav","A","ABBBBAAAAABBBBBABBABABABABABABABAB",37,8,"21/05/2013","JS0037","A",NA,"Blue",NA,NA
"JS0037-20130521-009.wav","A","BBBAAAABBBBBBABBABABABABABABABAB",37,9,"21/05/2013","JS0037","A",NA,"Blue",NA,NA
"JS0037-20130521-010.wav","A","ABBBBAAAAABBBBBABBABABABAB",37,10,"21/05/2013","JS0037","A",NA,"Blue",NA,NA
"JS0003-20110501-006.wav","AA","ADBDBDBDBAAAAAAAEEEEDDBDBBEAEAEAEAEAAEEEDBBDBDBDBDBAAAEEEEDDBBBDB",3,6,"01/05/2011","JS0003","AA",NA,"Pink",NA,NA
"JS0003-20110501-007.wav","AA","DBDBDBDBDBAAAAAAAEEEEDDBBEAEAEAEAEAAAEEDDBBBDBDBDBAAEEEEDDBBBDBDB",3,7,"01/05/2011","JS0003","AA",NA,"Pink",NA,NA
"JS0003-20110501-008.wav","AA","ADBDBDBDBAAAAAAAEEEDDBDBBEAEAEAEAEDDBBBDBDBDBAAAEEEEDDBBBEAEAEAEAEEDDBB",3,8,"01/05/2011","JS0003","AA",NA,"Pink",NA,NA
"JS0003-20110501-011.wav","AA","DBDBDBDBDBDBAAAAAEEEEDDBBEAEAEAEAEAEDDBBBDBDBDBDBDBAAAEEEEDDBBB",3,11,"01/05/2011","JS0003","AA",NA,"Pink",NA,NA
"JS0003-20110501-012.wav","AA","ADBDBDBDBDBDBDBAAAAEEEEDDBBEAEAEAEAEAAAEEDDBBBDBDBDBDBAAAEEEEDDBBDB",3,12,"01/05/2011","JS0003","AA",NA,"Pink",NA,NA
"JS0003-20110501-013.wav","AA","ADBDBDBDBDBDBAAAAAAAAAAEEEDDBDBBEAEAEAEAEDDBBBDB",3,13,"01/05/2011","JS0003","AA",NA,"Pink",NA,NA
"JS0003-20110501-014.wav","AA","AADBDBDBDBDBAAAAAAAEEEEDDBDBBEAEAEAEAEAAAEEDDBBDBDBDBAAEEEEDDBB",3,14,"01/05/2011","JS0003","AA",NA,"Pink",NA,NA
"JS0003-20110501-015.wav","AA","DBDBDBDBDBAAAAAAAAEEEEDDBBEAEAEAEAEAEDDBBBDBDBDBAAEEEEDDBBEAEAEA",3,15,"01/05/2011","JS0003","AA",NA,"Pink",NA,NA
"JS0003-20110501-016.wav","AA","DBADBDBDBDBDBAAAAAEEEEEDDBDBBEAEAEAEAEAAAEEEEDDBBBDBDBDB",3,16,"01/05/2011","JS0003","AA",NA,"Pink",NA,NA
"JS0040-20111021-001.wav","AB","AAAEEEEDBBBDBDBDBDBAAEEEEDBBBDB",40,1,"21/10/2011","JS0040","AB",NA,"Pink","JS0003","JS0003"
"JS0040-20111021-002.wav","AB","AAAEEEEDBBDBDBDBDBAAEEEDBBBDBDBDBDBAAEEEEDB",40,2,"21/10/2011","JS0040","AB",NA,"Pink","JS0003","JS0003"
"JS0040-20111021-003.wav","AB","AAAEEEEDBBBDBDBDBAAEEEEDBBBDBDBDBAAEEEEDB",40,3,"21/10/2011","JS0040","AB",NA,"Pink","JS0003","JS0003"
"JS0040-20111021-004.wav","AB","DDDDDDDDDDDDDBDBAAAAEEEEDBBBDBDBDBDBAAEEEEDBBAAAEEEEDB",40,4,"21/10/2011","JS0040","AB",NA,"Pink","JS0003","JS0003"
"JS0040-20111021-005.wav","AB","DBDBDBDBAAAAEEEEDBBBDBDBDBAAEEEEDBB",40,5,"21/10/2011","JS0040","AB",NA,"Pink","JS0003","JS0003"
"JS0040-20111021-006.wav","AB","ADBDBDBAAAAEEEEDBBBDBDBAAAAEEEEDBBBDBDBDBAAEEEEDBB",40,6,"21/10/2011","JS0040","AB",NA,"Pink","JS0003","JS0003"
"JS0040-20111021-007.wav","AB","DAAAEEEEDBBBDBDBDBAAEEEDBBDB",40,7,"21/10/2011","JS0040","AB",NA,"Pink","JS0003","JS0003"
"JS0040-20111021-008.wav","AB","DBDBDBAAAAAAEEEEDBBBDBDBDBDBDBAAEEEEDBB",40,8,"21/10/2011","JS0040","AB",NA,"Pink","JS0003","JS0003"
"JS0040-20111021-009.wav","AB","AAAEEEEDBBBDBDBDBAAEEEEDBB",40,9,"21/10/2011","JS0040","AB",NA,"Pink","JS0003","JS0003"
"JS0040-20111021-010.wav","AB","AAEEEEDBBBDBDBDBAAEEEEDBB",40,10,"21/10/2011","JS0040","AB",NA,"Pink","JS0003","JS0003"
"JS0041-20120113-001.wav","AB","DBDBDBDBDBDBAAAAEEEDBBEAEAEEDBDBBDBDBAA",41,1,"13/01/2012","JS0041","AB",NA,"Pink","JS0003","JS0003"
"JS0041-20120113-002.wav","AB","DDBADBDBDBDBDBAAAAAEEEDBBEAEAEAEEDBDBBDBDBAA",41,2,"13/01/2012","JS0041","AB",NA,"Pink","JS0003","JS0003"
"JS0041-20120113-003.wav","AB","DBDBDBDBAAAAEEEEDBBEAEAEAEAEEDBBDBDBAAEDDDD",41,3,"13/01/2012","JS0041","AB",NA,"Pink","JS0003","JS0003"
"JS0041-20120113-004.wav","AB","DDBADBDBDBDBDBAAAAAEEEDBBEAEAEAEAEEDBDBDBDBAAEEEDBDBBEAEDDDD",41,4,"13/01/2012","JS0041","AB",NA,"Pink","JS0003","JS0003"
"JS0041-20120113-005.wav","AB","DDDBADBDBDBAAAAAEEEDBDBBEAEAEEDBDBBDBDBAAEEDBDBEA",41,5,"13/01/2012","JS0041","AB",NA,"Pink","JS0003","JS0003"
"JS0041-20120113-006.wav","AB","ADBDBDBDBAAAAEEEDBDDDAAAAAEEEDBBDBDBAAEEEDBDBBDB",41,6,"13/01/2012","JS0041","AB",NA,"Pink","JS0003","JS0003"
"JS0041-20120113-007.wav","AB","DDDBADBDBDBAAAAEEEDBBEAEAEDDDDDAAAAEEEDBDBBDBDBA",41,7,"13/01/2012","JS0041","AB",NA,"Pink","JS0003","JS0003"
"JS0041-20120113-008.wav","AB","ADBDBDBDBAAAEEEDBBEAEAEAEEDBDBBDBDBA",41,8,"13/01/2012","JS0041","AB",NA,"Pink","JS0003","JS0003"
"JS0041-20120113-009.wav","AB","DBDBDBDBAAAAEEEDBBEAEAEAEEDBDBBDBDBAAEEEDBDB",41,9,"13/01/2012","JS0041","AB",NA,"Pink","JS0003","JS0003"
"JS0041-20120113-010.wav","AB","DDDBDBDBDBDBAAAAAEEEDBBEAEAEAEEDBDBBDBDBAAEEDDDD",41,10,"13/01/2012","JS0041","AB",NA,"Pink","JS0003","JS0003"
"JS0042-20111124-001.wav","AB","BDBDBDBAAAAEEEDBDBBEAEAEAEAEAEAEEDB",42,1,"24/11/2011","JS0042","AB",NA,"Pink","JS0003","JS0003"
"JS0042-20111124-002.wav","AB","DBDBAAAAEEEDBDBBEAEAEAEDBDB",42,2,"24/11/2011","JS0042","AB",NA,"Pink","JS0003","JS0003"
"JS0042-20111124-003.wav","AB","AADBDBDBDBAAEEEDBDBBEAEAEAEAEEDB",42,3,"24/11/2011","JS0042","AB",NA,"Pink","JS0003","JS0003"
"JS0042-20111124-004.wav","AB","DBDBDBAAAEEEDBDBBEAEAEAEAEDBDB",42,4,"24/11/2011","JS0042","AB",NA,"Pink","JS0003","JS0003"
"JS0042-20111124-005.wav","AB","ADBDBDBDBAAAEEEDBDBBEAEAEAEAEDB",42,5,"24/11/2011","JS0042","AB",NA,"Pink","JS0003","JS0003"
"JS0042-20111124-006.wav","AB","DBDBDBAAAAAEEEDBDBBEAEAEAEAEAEDBDBBDB",42,6,"24/11/2011","JS0042","AB",NA,"Pink","JS0003","JS0003"
"JS0042-20111124-007.wav","AB","BDBDBDBAAAAEEDBDBBEAEAEAEDBDBBDBDBAAEEEDB",42,7,"24/11/2011","JS0042","AB",NA,"Pink","JS0003","JS0003"
"JS0042-20111124-008.wav","AB","AAAEEEDBDBBEAEAEAEAEDBDBBDBDBAAEEEDB",42,8,"24/11/2011","JS0042","AB",NA,"Pink","JS0003","JS0003"
"JS0042-20111124-009.wav","AB","AAEEEDBDBBEAEAEAEDBDBBDBDBAAEEDB",42,9,"24/11/2011","JS0042","AB",NA,"Pink","JS0003","JS0003"
"JS0042-20111124-010.wav","AB","AAAEEEDBDBBDBDBAAEEEDBDBBEAEAEAE",42,10,"24/11/2011","JS0042","AB",NA,"Pink","JS0003","JS0003"
"JS0044-20111206-001.wav","AC","DBBEAEAEAEAEEDB",44,1,"06/12/2011","JS0044","AC",NA,"Pink","JS0003","JS0032"
"JS0044-20111206-002.wav","AC","AAEEEDBDBBEAEAEAE",44,2,"06/12/2011","JS0044","AC",NA,"Pink","JS0003","JS0032"
"JS0044-20111206-003.wav","AC","ADBDBDBAAAAAAEDBDBDBDBDBAAEEEDBDBBEAEAEAE",44,3,"06/12/2011","JS0044","AC",NA,"Pink","JS0003","JS0032"
"JS0044-20111206-004.wav","AC","ADBDBDBAAAAAAEDBDBDBDBDBAAEEEDBDBBEAEAEAEEDBDB",44,4,"06/12/2011","JS0044","AC",NA,"Pink","JS0003","JS0032"
"JS0044-20111206-005.wav","AC","DBADBDBAAAAAAEDBDBDBDBDBAAEEEDBDB",44,5,"06/12/2011","JS0044","AC",NA,"Pink","JS0003","JS0032"
"JS0044-20111206-006.wav","AC","DBADBDBDBAAAAAAEDBDBDBDBDBAAEEEDBDBBEAEAEAEAEE",44,6,"06/12/2011","JS0044","AC",NA,"Pink","JS0003","JS0032"
"JS0044-20111206-007.wav","AC","DBDBDBDBAAAAAAEDBDBDBDBDBAAEEEDBDBBEAEAEAEAEEDBDB",44,7,"06/12/2011","JS0044","AC",NA,"Pink","JS0003","JS0032"
"JS0044-20111206-008.wav","AC","DBDBDBAAAAEDBDBDBDBDBAAEEEDBDBBEAEAEAEED",44,8,"06/12/2011","JS0044","AC",NA,"Pink","JS0003","JS0032"
"JS0044-20111206-009.wav","AC","ADBADBDBDBAAAAAEDBDBDBDBAAEEEDBDBBEAEAEAE",44,9,"06/12/2011","JS0044","AC",NA,"Pink","JS0003","JS0032"
"JS0044-20111206-010.wav","AC","ADBDBDBAAAAAAEDBDBDBDBDBDBAAEEEDBDBBEAEA",44,10,"06/12/2011","JS0044","AC",NA,"Pink","JS0003","JS0032"
"JS0045-20111128-001.wav","AC","AABBBBBAAAABBBBA",45,1,"28/11/2011","JS0045","AC",NA,"Pink","JS0003","JS0032"
"JS0045-20111128-002.wav","AC","AABBBAAAABBBBBAAAABB",45,2,"28/11/2011","JS0045","AC",NA,"Pink","JS0003","JS0032"
"JS0045-20111128-003.wav","AC","AABBBBBAAAAABBBA",45,3,"28/11/2011","JS0045","AC",NA,"Pink","JS0003","JS0032"
"JS0045-20111128-004.wav","AC","AABBBBBAAAABBBBAAAA",45,4,"28/11/2011","JS0045","AC",NA,"Pink","JS0003","JS0032"
"JS0045-20111128-005.wav","AC","AABBBAAAABBBBBAAAABB",45,5,"28/11/2011","JS0045","AC",NA,"Pink","JS0003","JS0032"
"JS0045-20111128-006.wav","AC","AABBBBBBAAAAABBBBAA",45,6,"28/11/2011","JS0045","AC",NA,"Pink","JS0003","JS0032"
"JS0045-20111128-007.wav","AC","AABBBBBAABBBBAAABBBBA",45,7,"28/11/2011","JS0045","AC",NA,"Pink","JS0003","JS0032"
"JS0045-20111128-008.wav","AC","AABBBBBAABBBAAAABBBBAAAA",45,8,"28/11/2011","JS0045","AC",NA,"Pink","JS0003","JS0032"
"JS0045-20111128-009.wav","AC","AABBBBBBAAABBBBBAA",45,9,"28/11/2011","JS0045","AC",NA,"Pink","JS0003","JS0032"
"JS0045-20111128-010.wav","AC","AABBBBBBAAAABBBBBAA",45,10,"28/11/2011","JS0045","AC",NA,"Pink","JS0003","JS0032"
"JS0046-20111108-001.wav","AC","AAAAEEEEEDEAEAEAEAEAEAEDDAAAAAAEEEDEAEAEAEAEAEEDD",46,1,"08/11/2011","JS0046","AC",NA,"Pink","JS0003","JS0032"
"JS0046-20111108-002.wav","AC","EAEAEAEAEAEEDDAAAAAAAAEEED",46,2,"08/11/2011","JS0046","AC",NA,"Pink","JS0003","JS0032"
"JS0046-20111108-003.wav","AC","EEEDEAEAEAEAEAEEDD",46,3,"08/11/2011","JS0046","AC",NA,"Pink","JS0003","JS0032"
"JS0046-20111108-004.wav","AC","EEEDEAEAEAEAEAEEDDAAAAAAAEEEDEAEAEAEAEAEA",46,4,"08/11/2011","JS0046","AC",NA,"Pink","JS0003","JS0032"
"JS0046-20111108-005.wav","AC","EDEAEAEAEAEAEEEDDA",46,5,"08/11/2011","JS0046","AC",NA,"Pink","JS0003","JS0032"
"JS0046-20111108-006.wav","AC","EEEDEAEAEAEAEEDDAAAAAAEEEED",46,6,"08/11/2011","JS0046","AC",NA,"Pink","JS0003","JS0032"
"JS0046-20111108-007.wav","AC","EDEAEAEAEAEAEAEAEED",46,7,"08/11/2011","JS0046","AC",NA,"Pink","JS0003","JS0032"
"JS0046-20111108-008.wav","AC","AAAAEEEEEDEAEAEAEAEAEEDDAA",46,8,"08/11/2011","JS0046","AC",NA,"Pink","JS0003","JS0032"
"JS0046-20111108-009.wav","AC","AAAAEEEEEDEAEAEAEAEAEAEEDDAAAAAAEEEED",46,9,"08/11/2011","JS0046","AC",NA,"Pink","JS0003","JS0032"
"JS0046-20111108-010.wav","AC","AAAAEEEEDEAEAEAEAEAEEDD",46,10,"08/11/2011","JS0046","AC",NA,"Pink","JS0003","JS0032"
"JS0074-20131001-001.wav","AD","AABBBBAAAABBBBB",74,1,"01/10/2013","JS0074","AD",NA,"Pink","JS0045","JS0045"
"JS0074-20131001-002.wav","AD","ABBBBBBBAAAABB",74,2,"01/10/2013","JS0074","AD",NA,"Pink","JS0045","JS0045"
"JS0074-20131001-003.wav","AD","DAABBBBBBBAAAABBBBBBBADD",74,3,"01/10/2013","JS0074","AD",NA,"Pink","JS0045","JS0045"
"JS0074-20131001-004.wav","AD","AAABBBBBBBAAAAABBBBB",74,4,"01/10/2013","JS0074","AD",NA,"Pink","JS0045","JS0045"
"JS0074-20131001-005.wav","AD","DAABBBBBBBAAAAABBBBBA",74,5,"01/10/2013","JS0074","AD",NA,"Pink","JS0045","JS0045"
"JS0074-20131001-006.wav","AD","AAABAAABBBBBBBAAD",74,6,"01/10/2013","JS0074","AD",NA,"Pink","JS0045","JS0045"
"JS0074-20131001-007.wav","AD","AABBBBBBBBAAAABBBBB",74,7,"01/10/2013","JS0074","AD",NA,"Pink","JS0045","JS0045"
"JS0074-20131001-008.wav","AD","AABBBBBBBBAAAAABBBB",74,8,"01/10/2013","JS0074","AD",NA,"Pink","JS0045","JS0045"
"JS0074-20131001-009.wav","AD","AABBBBBBBAAAAAABBBBBB",74,9,"01/10/2013","JS0074","AD",NA,"Pink","JS0045","JS0045"
"JS0074-20131001-010.wav","AD","BBBBBBBAAABBBBBA",74,10,"01/10/2013","JS0074","AD",NA,"Pink","JS0045","JS0045"
"JS0077-20120512-001.wav","AE","DBDBDBAAAAAEEED",77,1,"12/05/2012","JS0077","AE",NA,"Pink","JS0042","JS0042"
"JS0077-20120512-002.wav","AE","DBDBDBAAAAAEEEDB",77,2,"12/05/2012","JS0077","AE",NA,"Pink","JS0042","JS0042"
"JS0077-20120512-003.wav","AE","DBDBDBAAAAEEEDBDBBEA",77,3,"12/05/2012","JS0077","AE",NA,"Pink","JS0042","JS0042"
"JS0077-20120512-004.wav","AE","DBDBDBAAAAEEEBDBBEAEAEDBDBDBDBAAAAAEEEDBDBBDBDBDBAAAAAEEEDBDBA",77,4,"12/05/2012","JS0077","AE",NA,"Pink","JS0042","JS0042"
"JS0077-20120512-005.wav","AE","EDDBDBAAAAAEEEDBDBBBDBDB",77,5,"12/05/2012","JS0077","AE",NA,"Pink","JS0042","JS0042"
"JS0077-20120512-006.wav","AE","BDBDBAAEEED",77,6,"12/05/2012","JS0077","AE",NA,"Pink","JS0042","JS0042"
"JS0077-20120512-007.wav","AE","DBDBDBAAAAAEEEDBDBBDBDBDBAAAAAE",77,7,"12/05/2012","JS0077","AE",NA,"Pink","JS0042","JS0042"
"JS0087-20130606-001.wav","AF1","AAAEEEDBBEA",87,1,"06/06/2013","JS0087","AF1",NA,"Pink","JS0041","JS0041"
"JS0087-20130606-002.wav","AF1","AAEEEDBBEADDDDEAEEDBDB",87,2,"06/06/2013","JS0087","AF1",NA,"Pink","JS0041","JS0041"
"JS0087-20130606-003.wav","AF1","AEEEDBBEADDDDDDEAEAEEDBD",87,3,"06/06/2013","JS0087","AF1",NA,"Pink","JS0041","JS0041"
"JS0087-20130606-004.wav","AF1","EDBBEADDDD",87,4,"06/06/2013","JS0087","AF1",NA,"Pink","JS0041","JS0041"
"JS0087-20130606-005.wav","AF1","ADDDEAEEDBD",87,5,"06/06/2013","JS0087","AF1",NA,"Pink","JS0041","JS0041"
"JS0087-20130606-006.wav","AF1","AAAEEEDBBEA",87,6,"06/06/2013","JS0087","AF1",NA,"Pink","JS0041","JS0041"
"JS0087-20130606-007.wav","AF1","AEEEDBBEA",87,7,"06/06/2013","JS0087","AF1",NA,"Pink","JS0041","JS0041"
"JS0092-20130928-001.wav","AF2","ABGMGMMBB",92,1,"28/09/2013","JS0092","AF2",NA,"Pink","JS0045","JS0045"
"JS0092-20130928-002.wav","AF2","BGMBBBBAAAABBB",92,2,"28/09/2013","JS0092","AF2",NA,"Pink","JS0045","JS0045"
"JS0092-20130928-003.wav","AF2","BGMBBBAAAB",92,3,"28/09/2013","JS0092","AF2",NA,"Pink","JS0045","JS0045"
"JS0092-20130928-004.wav","AF2","MGMBBBBBA",92,4,"28/09/2013","JS0092","AF2",NA,"Pink","JS0045","JS0045"
"JS0092-20130929-001.wav","AF2","DGMBMBBBA",92,1,"29/09/2013","JS0092","AF2",NA,"Pink","JS0045","JS0045"
"JS0092-20130929-002.wav","AF2","DMGMBBBAA",92,2,"29/09/2013","JS0092","AF2",NA,"Pink","JS0045","JS0045"
"JS0092-20130929-003.wav","AF2","BGMBBBAAAAB",92,3,"29/09/2013","JS0092","AF2",NA,"Pink","JS0045","JS0045"
"JS0092-20130929-004.wav","AF2","ABGMBBBAAA",92,4,"29/09/2013","JS0092","AF2",NA,"Pink","JS0045","JS0045"
"JS0092-20130929-005.wav","AF2","MGMBBBAAAABBBB",92,5,"29/09/2013","JS0092","AF2",NA,"Pink","JS0045","JS0045"
"JS0102-20140416-001.wav","AG","AAEBDBDBDBDBDBDBAAEEEBBBEAEAEAE",102,1,"16/04/2014","JS0102","AG",NA,"Pink","JS0044","JS0044"
"JS0102-20140416-002.wav","AG","BDBDBDBDBDBDBAAEEEBBBEAEAEAEAEEB",102,2,"16/04/2014","JS0102","AG",NA,"Pink","JS0044","JS0044"
"JS0102-20140416-003.wav","AG","BDBDBDBDBDBDBAAEEEBBBEAEAEAEAE",102,3,"16/04/2014","JS0102","AG",NA,"Pink","JS0044","JS0044"
"JS0102-20140416-004.wav","AG","DBDBDBDBDBDBDBDBAAEEEBBBEAEAEAEAEEBB",102,4,"16/04/2014","JS0102","AG",NA,"Pink","JS0044","JS0044"
"JS0102-20140416-005.wav","AG","BDBDBDBDBDBDBAAEEEBBBEAEAEAEAEEBBDBDBDB",102,5,"16/04/2014","JS0102","AG",NA,"Pink","JS0044","JS0044"
"JS0102-20140416-006.wav","AG","DBDBDBDBDBDBDBAAEEEBBBEAEAEAEAEEBB",102,6,"16/04/2014","JS0102","AG",NA,"Pink","JS0044","JS0044"
"JS0102-20140416-007.wav","AG","DBDBDBDBAAEEEBBBEAEAEAEAEEBBDBDB",102,7,"16/04/2014","JS0102","AG",NA,"Pink","JS0044","JS0044"
"JS0102-20140416-008.wav","AG","BDBDBDBDBDBDBDBAAEEEBBBEAEAEAEAEAEEBB",102,8,"16/04/2014","JS0102","AG",NA,"Pink","JS0044","JS0044"
"JS0102-20140416-009.wav","AG","ADBDBAAAAEBDBDBDBDBDBBAAEEEBBBEAEAEAEAEEBB",102,9,"16/04/2014","JS0102","AG",NA,"Pink","JS0044","JS0044"
"JS0102-20140416-010.wav","AG","AAEBDBDBDBDBDBDBDBAAEEEBBBEAEAEAEAEEB",102,10,"16/04/2014","JS0102","AG",NA,"Pink","JS0044","JS0044"
"JS0164-20181213-001.wav","AH","AAAEDEDEDEDEAEAEAEAEAEAEAEDD",164,1,"13/12/2018","JS0164","AH",NA,"Pink","JS0046","JS0046"
"JS0164-20181213-002.wav","AH","AAAEDEDEDEDEAEAEAEAEAEAEAEDDA",164,2,"13/12/2018","JS0164","AH",NA,"Pink","JS0046","JS0046"
"JS0164-20181213-003.wav","AH","AAAAAAEDEDEDEDEAEAEAEAEAEAEDDA",164,3,"13/12/2018","JS0164","AH",NA,"Pink","JS0046","JS0046"
"JS0164-20181213-004.wav","AH","AAAAAAAAAAAEDEDEDEDEAEAEAEAEAEAEDDA",164,4,"13/12/2018","JS0164","AH",NA,"Pink","JS0046","JS0046"
"JS0165-20180525-001.wav","AH","AAAAAAAAAAAEEEEEDEAEAEAEAEAEEDDAAAAAEEEDEAEAEAEAEAEED",165,1,"25/05/2018","JS0165","AH",NA,"Pink","JS0046","JS0046"
"JS0165-20180525-002.wav","AH","AAAAAAAAAAAAEEEEDEAEAEAEAEAEAEEDDAAAAAEEEDEAAAAAE",165,2,"25/05/2018","JS0165","AH",NA,"Pink","JS0046","JS0046"
"JS0165-20180525-003.wav","AH","AAAAAAAAAAAAAEEEEEDEAEAEAEAEAEEDDAAAAAEEEDEAEAEAEAEEDD",165,3,"25/05/2018","JS0165","AH",NA,"Pink","JS0046","JS0046"
"JS0165-20180525-004.wav","AH","AAAAAAAAAAAEEEEDEAEAEAEAEAEAEEDDAAAAAEEEDEAEAEAEAEAEA",165,4,"25/05/2018","JS0165","AH",NA,"Pink","JS0046","JS0046"
"JS0165-20180525-005.wav","AH","AAAAAAAAAAAAEEEEEDEAEAEAEAEAEAEEDDAAAAAEEED",165,5,"25/05/2018","JS0165","AH",NA,"Pink","JS0046","JS0046"
"JS0165-20180525-006.wav","AH","AAAAAAAAAAAAEEEEEDEAEAEAEAEAEAEEDDAAAAAEEEDEA",165,6,"25/05/2018","JS0165","AH",NA,"Pink","JS0046","JS0046"
"JS0165-20180525-007.wav","AH","AAAAAAAAAAAEEEEEDEAEAEAEAEAEEDDAAAAAEEEDEAEAEAE",165,7,"25/05/2018","JS0165","AH",NA,"Pink","JS0046","JS0046"
"JS0165-20180525-008.wav","AH","AAAAAAAAAAAAEEEEEEDEAEAEAEAEAEEDDAAAAAEEEDEA",165,8,"25/05/2018","JS0165","AH",NA,"Pink","JS0046","JS0046"
"JS0229-20190228-001.wav","AJ","AAAAAAAAAABBBBBBAAAA",229,1,"28/02/2019","JS0229","AJ",NA,"Pink","JS0092","JS0072"
"JS0229-20190228-002.wav","AJ","AAAAAAAABBBBBAAAAABBABBBMB",229,2,"28/02/2019","JS0229","AJ",NA,"Pink","JS0092","JS0072"
"JS0229-20190228-003.wav","AJ","AAAAAAAAABBBBAAAAABBABBBMBB",229,3,"28/02/2019","JS0229","AJ",NA,"Pink","JS0092","JS0072"
"JS0229-20190228-004.wav","AJ","AAAAAAAAABBBBAAAAAABBABBBDMD",229,4,"28/02/2019","JS0229","AJ",NA,"Pink","JS0092","JS0072"
"JS0229-20190228-005.wav","AJ","AAAAAAAAABBBBBBAAAAABBABMBBB",229,5,"28/02/2019","JS0229","AJ",NA,"Pink","JS0092","JS0072"
"JS0229-20190228-006.wav","AJ","AAAAAAAAAABBBBBBAAAABBABBBMB",229,6,"28/02/2019","JS0229","AJ",NA,"Pink","JS0092","JS0072"
"JS0229-20190228-007.wav","AJ","AAAAAAAAAABBBBBAAAABMBBBB",229,7,"28/02/2019","JS0229","AJ",NA,"Pink","JS0092","JS0072"
"JS0229-20190228-008.wav","AJ","AAAAAAAABBBBBBAAEBBABBMBBB",229,8,"28/02/2019","JS0229","AJ",NA,"Pink","JS0092","JS0072"
"JS0229-20190228-009.wav","AJ","AAAAAAAAAABBBBABABB",229,9,"28/02/2019","JS0229","AJ",NA,"Pink","JS0092","JS0072"
"JS0229-20190228-010.wav","AJ","AAAAAAAAABBAAAABBMBB",229,10,"28/02/2019","JS0229","AJ",NA,"Pink","JS0092","JS0072"
"JS0119-20120311-001.wav","AK","AAAAAAAAEBEBEABBEABAAAAAEBEABBEABBE",119,1,"11/03/2012","JS0119","AK",NA,"Turquoise",NA,NA
"JS0119-20120311-002.wav","AK","AAAAAAAEBEBEABBEABBEABAAAAAEBEABBE",119,2,"11/03/2012","JS0119","AK",NA,"Turquoise",NA,NA
"JS0119-20120311-003.wav","AK","AAAAAAAAEBEBEABBEABAAAAAE",119,3,"11/03/2012","JS0119","AK",NA,"Turquoise",NA,NA
"JS0119-20120311-004.wav","AK","AAAAAAAAEBEBEABBEABAAAAAEBEABBE",119,4,"11/03/2012","JS0119","AK",NA,"Turquoise",NA,NA
"JS0119-20120311-005.wav","AK","AAAAAAAEBEBEABBEABAAAAAEBEABBEAB",119,5,"11/03/2012","JS0119","AK",NA,"Turquoise",NA,NA
"JS0119-20120311-006.wav","AK","AAAAAAAAEBEBEABBEABAAAAAEBEABBE",119,6,"11/03/2012","JS0119","AK",NA,"Turquoise",NA,NA
"JS0119-20120311-007.wav","AK","AAAAAAAAEBEBEABBEABBEABAAAAAEBEABBE",119,7,"11/03/2012","JS0119","AK",NA,"Turquoise",NA,NA
"JS0119-20120311-008.wav","AK","AAAAAAAAEBEBEABBEABAAAAAEBEBEABBE",119,8,"11/03/2012","JS0119","AK",NA,"Turquoise",NA,NA
"JS0119-20120311-009.wav","AK","AAAAAAAAEBEBEABBEABBEABAAAAAAE",119,9,"11/03/2012","JS0119","AK",NA,"Turquoise",NA,NA
"JS0119-20120311-010.wav","AK","AAAAAAAAEBEABBEABAAAAAEBEABBE",119,10,"11/03/2012","JS0119","AK",NA,"Turquoise",NA,NA
"JS0264-20181121-001.wav","AL","GBBEIIAALLLLLLLLLLLNGBBEIIAAGBBE",264,1,"21/11/2018","JS0264","AL",NA,"Turquoise","JS0119","JS0217"
"JS0264-20181121-002.wav","AL","AAGBBEIIAALLLLLLLLLNGBBEIIA",264,2,"21/11/2018","JS0264","AL",NA,"Turquoise","JS0119","JS0217"
"JS0264-20181121-003.wav","AL","GBBEIIAALLLLLLLLLNGBBEIIAAGBBE",264,3,"21/11/2018","JS0264","AL",NA,"Turquoise","JS0119","JS0217"
"JS0264-20181121-004.wav","AL","GBBEIIAALLLLLLLLLNGBBEIIAAGBBE",264,4,"21/11/2018","JS0264","AL",NA,"Turquoise","JS0119","JS0217"
"JS0264-20181121-005.wav","AL","AAGBBEIIAALLLLLLLLLNGBBEIIAAGBBE",264,5,"21/11/2018","JS0264","AL",NA,"Turquoise","JS0119","JS0217"
"JS0264-20181121-006.wav","AL","GBBEIIAALLLLLLLLLLNGBBEIIAAGB",264,6,"21/11/2018","JS0264","AL",NA,"Turquoise","JS0119","JS0217"
"JS0264-20181121-007.wav","AL","GBBEIIAALLLLLLLLLNGBBEIIAAGBBE",264,7,"21/11/2018","JS0264","AL",NA,"Turquoise","JS0119","JS0217"
"JS0264-20181121-008.wav","AL","GBBEIIAALLLLLLLLLLLNGBBEIIAAGBBE",264,8,"21/11/2018","JS0264","AL",NA,"Turquoise","JS0119","JS0217"
"JS0264-20181121-009.wav","AL","GBBEIIAALLLLLLLLLLNGBBEIIAAGBBE",264,9,"21/11/2018","JS0264","AL",NA,"Turquoise","JS0119","JS0217"
"JS0264-20181121-010.wav","AL","AAGBBEIIAALLLLLLLLLLNGBBEIIAAGBBE",264,10,"21/11/2018","JS0264","AL",NA,"Turquoise","JS0119","JS0217"
"JS0300-20191004-001.wav","AM","AAAAAAAAGBBEIIAAEAGBBEIIAAGBBEI",300,1,"04/10/2019","JS0300","AM",NA,"Turquoise","JS0264","JS0201"
"JS0300-20191004-002.wav","AM","AAAAAAGBBEIIAAGBBEIIAAGBBEIIA",300,2,"04/10/2019","JS0300","AM",NA,"Turquoise","JS0264","JS0201"
"JS0300-20191004-003.wav","AM","AAAAAAGBBEIIAAGBBEIIAAGBBEIIAAGBBE",300,3,"04/10/2019","JS0300","AM",NA,"Turquoise","JS0264","JS0201"
"JS0300-20191004-004.wav","AM","AAAAAAAAGBBEIIAAGBBEIIA",300,4,"04/10/2019","JS0300","AM",NA,"Turquoise","JS0264","JS0201"
"JS0300-20191004-005.wav","AM","AAAAAAAAAGBBEIIAAGBBEIIA",300,5,"04/10/2019","JS0300","AM",NA,"Turquoise","JS0264","JS0201"
"JS0300-20191004-006.wav","AM","AAAAAAAGBBEIIAAGBBEIIAAGBBEIIA",300,6,"04/10/2019","JS0300","AM",NA,"Turquoise","JS0264","JS0201"
"JS0300-20191004-007.wav","AM","AAAAAAGBBEIIAAGBBEIIAAGBBE",300,7,"04/10/2019","JS0300","AM",NA,"Turquoise","JS0264","JS0201"
"JS0300-20191004-008.wav","AM","AAAAAAAGBBEIIAAGBBEIIAAGBBEIE",300,8,"04/10/2019","JS0300","AM",NA,"Turquoise","JS0264","JS0201"
"JS0300-20191004-009.wav","AM","AAAAAGBBEIIAAGBBEIIAAGBBE",300,9,"04/10/2019","JS0300","AM",NA,"Turquoise","JS0264","JS0201"
"JS0300-20191004-010.wav","AM","AAAAAAAAAGBBEIIAAGBBEIIAAGBBEIE",300,10,"04/10/2019","JS0300","AM",NA,"Turquoise","JS0264","JS0201"
"JS0005-20111018-001.wav","AN","DBEDEDBDBDBDBDBDBDEDKDEDKDEDKDEDBDBDBDB",5,1,"18/10/2011","JS0005","AN",NA,"White",NA,NA
"JS0005-20111018-002.wav","AN","DBEDEDBDBDBDBDBDBDBDEDKDEDKDEDBDBDBDBDBDB",5,2,"18/10/2011","JS0005","AN",NA,"White",NA,NA
"JS0005-20111018-003.wav","AN","DDBEDEDBDBDBDBDBDBDBDEDKDEDKDEDKDEDBDBDBDB",5,3,"18/10/2011","JS0005","AN",NA,"White",NA,NA
"JS0005-20111018-004.wav","AN","DBEDEDBDBDBDBDBDBDEDKDEDKDEDKDEDBDBDBDB",5,4,"18/10/2011","JS0005","AN",NA,"White",NA,NA
"JS0005-20111018-005.wav","AN","DDDBEDEDBDBDBDBDBDBDBDEDKDEDKDEDKDEDBDB",5,5,"18/10/2011","JS0005","AN",NA,"White",NA,NA
"JS0005-20111018-006.wav","AN","DBEDEDBDBDBDBDBDEDKDEDKDBDBDBDBDBDBDBDBDE",5,6,"18/10/2011","JS0005","AN",NA,"White",NA,NA
"JS0005-20111018-007.wav","AN","DBEDEDBDBDBDBDBDBDEDKDEDKDEDBDBDBDB",5,7,"18/10/2011","JS0005","AN",NA,"White",NA,NA
"JS0005-20111018-008.wav","AN","DBEDEDBDBDBDBDBDBDBDEDKDEDKDEDKDEDBDBDBDBDBDBDB",5,8,"18/10/2011","JS0005","AN",NA,"White",NA,NA
"JS0005-20111018-009.wav","AN","DBEDEDBDBDBDBDBDBDEDKDEDKDEDKDEDKDEDKDBDBDBDBDB",5,9,"18/10/2011","JS0005","AN",NA,"White",NA,NA
"JS0005-20111018-010.wav","AN","DBEDEDBDBDBDBDBDBDBDEDKDEDKDEDKDEDBDBDBDB",5,10,"18/10/2011","JS0005","AN",NA,"White",NA,NA
"JS0170-20181215-001.wav","AO","DADBDBEDEDBDBDBDBDBDBDBDBDB",170,1,"15/12/2018","JS0170","AO","Y","White",NA,"JS0095"
"JS0170-20181215-002.wav","AO","DADBDBEDEDBDBDBDBDBDBDBDKDEDKDEDB",170,2,"15/12/2018","JS0170","AO","Y","White",NA,"JS0095"
"JS0170-20181215-003.wav","AO","DBDBDBEDEDBDBDBDBDBDBDBDKDE",170,3,"15/12/2018","JS0170","AO","Y","White",NA,"JS0095"
"JS0171-20180511-001.wav","AO","DEDBDBDBDBDBDBDBDBDBDBDKDEDKDEDBDBDBDBDBDBDB",171,1,"11/05/2018","JS0171","AO","Y","White",NA,"JS0095"
"JS0171-20180511-002.wav","AO","DBDBDBEDEDBDBDBDBDBDBDBDKDEDKDEDBDBDBDBDBDBDBDKDEDKDEDBDBDBDBDBDBDKDEDKDEDKDE",171,2,"11/05/2018","JS0171","AO","Y","White",NA,"JS0095"
"JS0171-20180511-003.wav","AO","DEDBDBDBDBDBDBDBDBDKDEDKDEDBDPDKDEDKDEDKDEDBDBDBDBDBDBDBDKDEDKDEDKDEDBDBDB",171,3,"11/05/2018","JS0171","AO","Y","White",NA,"JS0095"
"JS0171-20180511-004.wav","AO","DEDKDEDBDBDBDBDBDBDBDKDEDKDEDB",171,4,"11/05/2018","JS0171","AO","Y","White",NA,"JS0095"
"JS0216-20180601-001.wav","AP","DADADADBDBDBDBEDEDBDBDBDBDBDBDKDEDKDEDBDBDB",216,1,"01/06/2018","JS0216","AP",NA,"White","JS0170","JS0094"
"JS0216-20180601-002.wav","AP","DADADADADBDBDBDBEDEDBDBDBDBDBDBDKDEDKDEDBDBDB",216,2,"01/06/2018","JS0216","AP",NA,"White","JS0170","JS0094"
"JS0216-20180601-003.wav","AP","DDADADADADADBDBDBDBEDEDBDBDBDBDBDBDKDEDKDE",216,3,"01/06/2018","JS0216","AP",NA,"White","JS0170","JS0094"
"JS0216-20180601-004.wav","AP","DADADADADBDBDBDBEDEDBDBDBDBDBDBDKDEDKDEDBDBDB",216,4,"01/06/2018","JS0216","AP",NA,"White","JS0170","JS0094"
"JS0216-20180601-005.wav","AP","DADADADADBDBDBDEDBDADBDBDBDBEDEDBDBDBDBDBDKDEDKDE",216,5,"01/06/2018","JS0216","AP",NA,"White","JS0170","JS0094"
"JS0216-20180601-006.wav","AP","DDADADADBDBDBDBEDEDBDBDBDBDBDBDKDEDKDEDBDBDBDBDBDBDKDE",216,6,"01/06/2018","JS0216","AP",NA,"White","JS0170","JS0094"
"JS0216-20180601-007.wav","AP","DADADADADBDBDBDBEDEDBDBDADBDBDBDBEDEDBDBDBDBDB",216,7,"01/06/2018","JS0216","AP",NA,"White","JS0170","JS0094"
"JS0216-20180601-008.wav","AP","DADADADBDBDBEDEDBDBDBDBDBDBDKDEDKDE",216,8,"01/06/2018","JS0216","AP",NA,"White","JS0170","JS0094"
"JS0216-20180601-009.wav","AP","DADADADADADBDBDBEDEDBDBDBDBDBDKDEDKDEDBDBDBDBDBDKDE",216,9,"01/06/2018","JS0216","AP",NA,"White","JS0170","JS0094"
"JS0216-20180601-010.wav","AP","DDDADADADADADBDBDBDBEDEDBDBDBDBDBDBDKDEDKDE",216,10,"01/06/2018","JS0216","AP",NA,"White","JS0170","JS0094"
"JS0217-20180602-001.wav","AP","AAAAAAAAAAAAAADADADADADADADADADADADAAADAADADAAADAAA",217,1,"02/06/2018","JS0217","AP",NA,"White","JS0170","JS0094"
"JS0217-20180602-002.wav","AP","AAAAAAAAAAAAAAAADADADADADADADADADAAAAADADADAAAA",217,2,"02/06/2018","JS0217","AP",NA,"White","JS0170","JS0094"
"JS0217-20180602-003.wav","AP","AAAAAAAAAAAAADAADADADADADADADADADAADAAADAADADADADADA",217,3,"02/06/2018","JS0217","AP",NA,"White","JS0170","JS0094"
"JS0217-20180602-004.wav","AP","AAAAAAAAAAAAAADAADADADADADADADAADADAADADAA",217,4,"02/06/2018","JS0217","AP",NA,"White","JS0170","JS0094"
"JS0217-20180602-005.wav","AP","AAAAAAAAAAAADADADADADADADADADADAAAAADADADAADAAADADAADAAADADAA",217,5,"02/06/2018","JS0217","AP",NA,"White","JS0170","JS0094"
"JS0217-20180602-006.wav","AP","AAAAAAAAAAAAAADADADADADADADADADADADADADADADAADAADADAAA",217,6,"02/06/2018","JS0217","AP",NA,"White","JS0170","JS0094"
"JS0217-20180602-007.wav","AP","AAAAAAAAAAADADAADADADADADADADADADADADADADAAADAAADAAAA",217,7,"02/06/2018","JS0217","AP",NA,"White","JS0170","JS0094"
"JS0217-20180602-008.wav","AP","AAAAAAAAAAAAAAAADADADADADADADADADAAAAADAAAAAAADAA",217,8,"02/06/2018","JS0217","AP",NA,"White","JS0170","JS0094"
"JS0217-20180602-009.wav","AP","AAAAAADADADADADADADADADADADADAADAAADADAADAA",217,9,"02/06/2018","JS0217","AP",NA,"White","JS0170","JS0094"
"JS0217-20180602-010.wav","AP","AAAAAAAAAAAADADADADADADADADADADADADADADADAADADADADAAADAA",217,10,"02/06/2018","JS0217","AP",NA,"White","JS0170","JS0094"
"JS0218-20180603-001.wav","AP","DADADBDBDBDBDBEDEDBDBDBDKDEDBDBDBDBDKDEDK",218,1,"03/06/2018","JS0218","AP",NA,"White","JS0170","JS0094"
"JS0218-20180603-002.wav","AP","DADADADBDBDBDBDBDBEDEDBDBDBDBDBDKDEDKDEDBDB",218,2,"03/06/2018","JS0218","AP",NA,"White","JS0170","JS0094"
"JS0218-20180603-003.wav","AP","DADADADBDBDBEDEDBDBDBDBDKDEDKDEDBDBDBDB",218,3,"03/06/2018","JS0218","AP",NA,"White","JS0170","JS0094"
"JS0218-20180603-004.wav","AP","DADADADBDBDBDBEDEDBDBDBDBDBDBDKDEDKDEDBDBDBDBDKDEDKDE",218,4,"03/06/2018","JS0218","AP",NA,"White","JS0170","JS0094"
"JS0218-20180603-005.wav","AP","DADADADADBDBDBEDEDBDBDBDBDBDBDKDEDBDBDBDBDKDEDKDEDBDBDB",218,5,"03/06/2018","JS0218","AP",NA,"White","JS0170","JS0094"
"JS0218-20180603-006.wav","AP","DADDDADADBDBDBEDEDBDBDBDBDBDBDBDKDEDKDEDBDBDBDB",218,6,"03/06/2018","JS0218","AP",NA,"White","JS0170","JS0094"
"JS0218-20180603-007.wav","AP","DADADADBDBDBDBEDEDBDBDBDBDBDKDEDKDEDBDBDBDKDE",218,7,"03/06/2018","JS0218","AP",NA,"White","JS0170","JS0094"
"JS0218-20180603-008.wav","AP","DADADADBDBDBEDEDBDBDBDBDBDKDEDKDEDBDBDBDBDKDEDB",218,8,"03/06/2018","JS0218","AP",NA,"White","JS0170","JS0094"
"JS0218-20180603-009.wav","AP","DADADADBDBDBEDEDBDBDBDBDBDBDKDEDKDEDBDBDBDKDEDKDE",218,9,"03/06/2018","JS0218","AP",NA,"White","JS0170","JS0094"
"JS0218-20180603-010.wav","AP","DADADADBDBDBEDEDBDBDBDBDBDBDKDEDKDEDBDBDBDBDBDKDEDB",218,10,"03/06/2018","JS0218","AP",NA,"White","JS0170","JS0094"
"JS0023-20111121-001.wav","AS","AAAAAACCCCCCCCCCCCCCCEEECCBHABABACCCCCCCCCCEECCB",23,1,"21/11/2011","JS0023","AS",NA,"Yellow",NA,NA
"JS0023-20111121-002.wav","AS","AAAAAACCCCCCCCCCCCCCCEECCBHABACCCCCCCCCCCCCCEECCBHABAACCCCCCCCCCEECCB",23,2,"21/11/2011","JS0023","AS",NA,"Yellow",NA,NA
"JS0023-20111121-003.wav","AS","AAAAAAAAACCCCCCCCCCCCCCEEECCBHABABACCC",23,3,"21/11/2011","JS0023","AS",NA,"Yellow",NA,NA
"JS0023-20111121-004.wav","AS","AAAAAACCCCCCCCCCCCCCCCEECCBHABABACCCCCCCCCCCCEEECCBHABA",23,4,"21/11/2011","JS0023","AS",NA,"Yellow",NA,NA
"JS0023-20111121-005.wav","AS","AAAAAAACCCCCCCCCCCCCCCEEECCBHABABACCCCCCCCEE",23,5,"21/11/2011","JS0023","AS",NA,"Yellow",NA,NA
"JS0023-20111121-006.wav","AS","AAAAAAACCCCCCCCCCCCCCCEEECCBHABABACCCCCCC",23,6,"21/11/2011","JS0023","AS",NA,"Yellow",NA,NA
"JS0023-20111121-007.wav","AS","AAAAAACCCCCCCCCCCCCCEECCBHABABACCCCCCCCCCCCEECCBHA",23,7,"21/11/2011","JS0023","AS",NA,"Yellow",NA,NA
"JS0023-20111121-008.wav","AS","AAAAACCCCCCCCCCCCCCCEEECCBHABABACCCCCCCCCCCEEECCBHABA",23,8,"21/11/2011","JS0023","AS",NA,"Yellow",NA,NA
"JS0023-20111121-009.wav","AS","AAAAACCCCCCCCCCCCCCCEECCBHABABACCCCCCCCCCCEEECCBHABA",23,9,"21/11/2011","JS0023","AS",NA,"Yellow",NA,NA
"JS0023-20111121-010.wav","AS","AAAAACCCCCCCCCCCCCCCCEEECCBHABABACCCCCCCCCCCCEECCB",23,10,"21/11/2011","JS0023","AS",NA,"Yellow",NA,NA
"JS0051-20111110-001.wav","AT","AAAAACCCCCCCCCCCCCCCCCCEECBHABACCCCCCCCCCCCCCCCCCEECBH",51,1,"10/11/2011","JS0051","AT",NA,"Yellow","JS0023",NA
"JS0051-20111110-002.wav","AT","AAAACCCCCCCCCCCCCCCCCCCCCCEECBHABACCCCCCCCCCCCCCCCCEECBHA",51,2,"10/11/2011","JS0051","AT",NA,"Yellow","JS0023",NA
"JS0051-20111110-003.wav","AT","AAAAAACCCCCCCCCCCCCCCCCEECBHABACCCCCCCCCCCCCCCCEECBHA",51,3,"10/11/2011","JS0051","AT",NA,"Yellow","JS0023",NA
"JS0051-20111110-004.wav","AT","AAAAACCCCCCCCCCCCCCCCCCCEECBHABACCCCCCCCCCCCCCCCCCEE",51,4,"10/11/2011","JS0051","AT",NA,"Yellow","JS0023",NA
"JS0051-20111110-005.wav","AT","AAAACCCCCCCCCCCCCCCCCCCCCEECBHABACCCCCCCCCCCCCCCCCEECBHABACCCCCCCCCCCCCCCEE",51,5,"10/11/2011","JS0051","AT",NA,"Yellow","JS0023",NA
"JS0051-20111110-006.wav","AT","AAAAACCCCCCCCCCCCCCCCCCCCCEECBHABAC",51,6,"10/11/2011","JS0051","AT",NA,"Yellow","JS0023",NA
"JS0051-20111110-007.wav","AT","AAAACCCCCCCCCCCCCCCCCCCCCEECBHAHACCCCCCCCCCCCCCCCCCCEECB",51,7,"10/11/2011","JS0051","AT",NA,"Yellow","JS0023",NA
"JS0051-20111110-008.wav","AT","AAAAACCCCCCCCCCCCCCCCCCEECBHABACCCCCCCCCCCCCCCCCCCEECBH",51,8,"10/11/2011","JS0051","AT",NA,"Yellow","JS0023",NA
"JS0051-20111110-009.wav","AT","AAAACCCCCCCCCCCCCCCCCCCEECBHABACCCCCCCCCCCCCCCCCCCCEECBH",51,9,"10/11/2011","JS0051","AT",NA,"Yellow","JS0023",NA
"JS0051-20111110-010.wav","AT","AAAAAACCCCCCCCCCCCCCCCCEECBHABACCCCCCCCCCCCCCCCCEECBH",51,10,"10/11/2011","JS0051","AT",NA,"Yellow","JS0023",NA
"JS0072-20130920-001.wav","AU","AAAAAAACCCCCCCCCCCCCCCCCCCEECBHABABABACCCCCCCCCCCEECBHAB",72,1,"20/09/2013","JS0072","AU",NA,"Yellow","JS0023","JS0023"
"JS0072-20130920-002.wav","AU","AAAAAACCCCCCCCCCCCCCCCCCCCEECBHABABABACCCCCCCCCCCCCCEECBHA",72,2,"20/09/2013","JS0072","AU",NA,"Yellow","JS0023","JS0023"
"JS0072-20130920-003.wav","AU","AAAAAAAAACCCCCCCCCCCCCCCCCCEECBHABABACCCCCCCCCCCCCEECBHABABACCCCCCCC",72,3,"20/09/2013","JS0072","AU",NA,"Yellow","JS0023","JS0023"
"JS0072-20130920-004.wav","AU","AAAAAAACCCCCCCCCCCCCCCCCCCCCCEECBHABABACCCCCCCCCEECBH",72,4,"20/09/2013","JS0072","AU",NA,"Yellow","JS0023","JS0023"
"JS0072-20130920-005.wav","AU","AAAAAAACCCCCCCCCCCCCCCCCCEECBHABABACCCCCCCCCCEECBHABABACCCCCCCCCCCEECB",72,5,"20/09/2013","JS0072","AU",NA,"Yellow","JS0023","JS0023"
"JS0072-20130920-006.wav","AU","AAAAAAAAAAACCCCCCCCCCCCCCCCCCEECBHABABACCCCCCCCCCCCCCEECBHABABA",72,6,"20/09/2013","JS0072","AU",NA,"Yellow","JS0023","JS0023"
"JS0072-20130920-007.wav","AU","AAAAAAACCCCCCCCCCCCCCCCCCCCCEECBHABABACCCCCCCCCEECBHAB",72,7,"20/09/2013","JS0072","AU",NA,"Yellow","JS0023","JS0023"
"JS0072-20130920-008.wav","AU","AAAAAAACCCCCCCCCCCCCCCCCEECBHABABACCCCCCCCCCCCCEECBHABAB",72,8,"20/09/2013","JS0072","AU",NA,"Yellow","JS0023","JS0023"
"JS0072-20130920-009.wav","AU","AAAAAAAAACCCCCCCCCCCCCCCCCEECBHABABABACCCCCCCCCCCCCCEECBHAB",72,9,"20/09/2013","JS0072","AU",NA,"Yellow","JS0023","JS0023"
"JS0072-20130920-010.wav","AU","AAAAAAAACCCCCCCCCCCCCCCCCCCCEECBHABABABACCCCCCCCCCCEECBH",72,10,"20/09/2013","JS0072","AU",NA,"Yellow","JS0023","JS0023"
"JS0079-20131219-001.wav","AV","AAAACCCCCCCCCCCCCCCCCCCEECBHABACCCCCCCCCCCCCCCCEECBH",79,1,"19/12/2013","JS0079","AV",NA,"Yellow","JS0051","JS0051"
"JS0079-20131219-002.wav","AV","AAAACCCCCCCCCCCCCCCCCCEECBHABACCCCCCCCCCCCCCCCEECBHABACCCCCCCCCC",79,2,"19/12/2013","JS0079","AV",NA,"Yellow","JS0051","JS0051"
"JS0079-20131219-003.wav","AV","AAAACCCCCCCCCCCCCCCCCEECBHABACCCCCCCCCCCCCCEECBHABACCCCCCCCCCCCCCCCEECBH",79,3,"19/12/2013","JS0079","AV",NA,"Yellow","JS0051","JS0051"
"JS0079-20131219-004.wav","AV","AAAACCCCCCCCCCCCCCCCCCCEECBHABACCCCCCCCCCCCCCCEECBH",79,4,"19/12/2013","JS0079","AV",NA,"Yellow","JS0051","JS0051"
"JS0079-20131219-005.wav","AV","AAAAACCCCCCCCCCCCCCCCCCEECBHABACCCCCCCCCCCCCCCEECBHABACCCCCCCC",79,5,"19/12/2013","JS0079","AV",NA,"Yellow","JS0051","JS0051"
"JS0079-20131219-006.wav","AV","AAAAACCCCCCCCCCCCCCCEECBHABACCCCCCCCCCCCCCCCEECBHABACCCCC",79,6,"19/12/2013","JS0079","AV",NA,"Yellow","JS0051","JS0051"
"JS0079-20131219-007.wav","AV","AAAACCCCCCCCCCCCCCCCCEECBHABACCCCCCCCCCCCCCEECBH",79,7,"19/12/2013","JS0079","AV",NA,"Yellow","JS0051","JS0051"
"JS0079-20131219-008.wav","AV","AAAACCCCCCCCCCCCCCCCCCEECBHABACCCCCCCCCCCCCCCEECBHAB",79,8,"19/12/2013","JS0079","AV",NA,"Yellow","JS0051","JS0051"
"JS0079-20131219-009.wav","AV","AAAAACCCCCCCCCCCCCCCCCCEECBHABACCCCCCCCCCCCCCCCCEECBHA",79,9,"19/12/2013","JS0079","AV",NA,"Yellow","JS0051","JS0051"
"JS0079-20131219-010.wav","AV","AAAAACCCCCCCCCCCCCCCCCCCEECBHABACCCCCCCCCCCCCCCCEECBHABACCCCCCCCCCCC",79,10,"19/12/2013","JS0079","AV",NA,"Yellow","JS0051","JS0051"
"JS0080-20120209-001.wav","AV","AAACCCCCCEBHABACCCCCEBHABACCCCCCEBH",80,1,"09/02/2012","JS0080","AV",NA,"Yellow","JS0051","JS0051"
"JS0080-20120209-002.wav","AV","AAACCCCCCCCECCCCCEBHABACCCCCCCE",80,2,"09/02/2012","JS0080","AV",NA,"Yellow","JS0051","JS0051"
"JS0080-20120209-003.wav","AV","AAACCCCCCEBHABACCCCCCEBHABAAAACCCCCCCCCCE",80,3,"09/02/2012","JS0080","AV",NA,"Yellow","JS0051","JS0051"
"JS0080-20120209-004.wav","AV","AAACCCCCCCCEBHABACCCCCCCECCCCCEBHBACCCCCCCECCCCCCCEB",80,4,"09/02/2012","JS0080","AV",NA,"Yellow","JS0051","JS0051"
"JS0080-20120209-005.wav","AV","AAACCCCCCEBHABACCCCCCECCCCCEBHAAACCCCCCCCECCCCCEBHAB",80,5,"09/02/2012","JS0080","AV",NA,"Yellow","JS0051","JS0051"
"JS0080-20120209-006.wav","AV","AAACCCCCCEBHABACCCCCCEBHABAAAACCCCCCCCCCE",80,6,"09/02/2012","JS0080","AV",NA,"Yellow","JS0051","JS0051"
"JS0080-20120209-007.wav","AV","AAACCCCCCCEBHABACCCCCCECCCCCCEBHAAAACCCCCCCCEBHABACCCCCCCCECCCCCCEBBACC",80,7,"09/02/2012","JS0080","AV",NA,"Yellow","JS0051","JS0051"
"JS0080-20120209-008.wav","AV","AAACCCCCCCEBHABACCCCCEBHABAAAACCCCCCCECCCCCCEBHABACCCCCCE",80,8,"09/02/2012","JS0080","AV",NA,"Yellow","JS0051","JS0051"
"JS0080-20120209-009.wav","AV","AAACCCCCCCEBHABACCCCCCCECCCCCCEBHAAACCCCCCECCCCCEBHABACCCCCCCE",80,9,"09/02/2012","JS0080","AV",NA,"Yellow","JS0051","JS0051"
"JS0080-20120209-010.wav","AV","AAACCCCCCCCCCECCCCCEBHABACCCCCCCCECCCCCCCAAACCCCCCCCCEBHABACCCCCCCE",80,10,"09/02/2012","JS0080","AV",NA,"Yellow","JS0051","JS0051"
"JS0081-20130921-001.wav","AV","AAAACCCCCCCCEBHABACCCCCCCECCCCCCCEBHABACCCCCCE",81,1,"21/09/2013","JS0081","AV",NA,"Yellow","JS0051","JS0051"
"JS0081-20130921-002.wav","AV","AAAACCCCCCCCEBHABACCCCCCCECCCCCCE",81,2,"21/09/2013","JS0081","AV",NA,"Yellow","JS0051","JS0051"
"JS0081-20130921-003.wav","AV","AAAACCCCCCCCEBHABACCCCCCCE",81,3,"21/09/2013","JS0081","AV",NA,"Yellow","JS0051","JS0051"
"JS0081-20130921-004.wav","AV","AAAACCCCCCCCEBHABACCCCCCECCCCCCE",81,4,"21/09/2013","JS0081","AV",NA,"Yellow","JS0051","JS0051"
"JS0081-20130921-005.wav","AV","AAAACCCCCCCCCEBHABACCCCCCECCCCCCEBHAB",81,5,"21/09/2013","JS0081","AV",NA,"Yellow","JS0051","JS0051"
"JS0081-20130921-006.wav","AV","AAAACCCCCCCCCEBHABACCCCCCCECCCCCCEBHAB",81,6,"21/09/2013","JS0081","AV",NA,"Yellow","JS0051","JS0051"
"JS0081-20130921-007.wav","AV","AAAACCCCCCCCCEBHABACCCCCCCECCCCCCCEBH",81,7,"21/09/2013","JS0081","AV",NA,"Yellow","JS0051","JS0051"
"JS0081-20130921-008.wav","AV","AAAACCCCCCCCEBHABACCCCCCCECCCCCCEBHABACCCCCCCECCCCCCEB",81,8,"21/09/2013","JS0081","AV",NA,"Yellow","JS0051","JS0051"
"JS0081-20130921-009.wav","AV","AAAACCCCCCCCEBHABACCCCCCECCCCCCEBHABACCCCCCCE",81,9,"21/09/2013","JS0081","AV",NA,"Yellow","JS0051","JS0051"
"JS0081-20130921-010.wav","AV","AAAACCCCCCCCCEBHABACCCCCCCECCCCCCEBHABACCCCCCCE",81,10,"21/09/2013","JS0081","AV",NA,"Yellow","JS0051","JS0051"
"JS0198-20180529-001.wav","AW","AAAAAAAACCCCCCCCCCCCCCCCCCCCCCEEBHABACCCCCCCCCCCCCCEEBHABACCCCCCCCCCCCCCCEEBHAB",198,1,"29/05/2018","JS0198","AW",NA,"Yellow","JS0079","JS0117"
"JS0198-20180529-002.wav","AW","AAAAAAAACCCCCCCCCCCCCCCCCCCCCCCEEBHABACCCCCCCCCCCCCEEBHABACCCCCCCCCCCCCCCEEBHA",198,2,"29/05/2018","JS0198","AW",NA,"Yellow","JS0079","JS0117"
"JS0198-20180529-003.wav","AW","AAAAAAAACCCCCCCCCCCCCCCCCCCCCCEEBHABACCCCCCCCCCCCCCCEEBHABACCCCCCCCCCCCCCCEEBHABACCCC",198,3,"29/05/2018","JS0198","AW",NA,"Yellow","JS0079","JS0117"
"JS0198-20180529-004.wav","AW","AAAAAAAAACCCCCCCCCCCCCCCCCCCCCEEBHABACCCCCCCCCCCCCCCCEEBHABACCCCCCCCCCCEEBHAB",198,4,"29/05/2018","JS0198","AW",NA,"Yellow","JS0079","JS0117"
"JS0198-20180529-005.wav","AW","AAAAAAAACCCCCCCCCCCCCCCCCCCCCCEEBHABACCCCCCCCCCCCCCCEEBHABACCCCCCCCCCCCCCCEEBH",198,5,"29/05/2018","JS0198","AW",NA,"Yellow","JS0079","JS0117"
"JS0198-20180529-006.wav","AW","AAAAAAAAACCCCCCCCCCCCCCCCCCCCCEEBHABACCCCCCCCCCCCCCEEBHABACCCCCCCCCCCCCEEBHAB",198,6,"29/05/2018","JS0198","AW",NA,"Yellow","JS0079","JS0117"
"JS0198-20180529-007.wav","AW","AAAAAAAAACCCCCCCCCCCCCCCCCCCCCEEBHABACCCCCCCCCCCCCCCEEBHABACCCCCCC",198,7,"29/05/2018","JS0198","AW",NA,"Yellow","JS0079","JS0117"
"JS0198-20180529-008.wav","AW","AAAAAAACCCCCCCCCCCCCCCCCCCCCCEEBHABACCCCCCCCCCCCCCCCEEBHABACCCCCCCCCCCCCCCEEBHA",198,8,"29/05/2018","JS0198","AW",NA,"Yellow","JS0079","JS0117"
"JS0198-20180529-009.wav","AW","AAAAAAAAACCCCCCCCCCCCCCCCCCCCEEBHABACCCCCCCCCCCCCEEBHABACC",198,9,"29/05/2018","JS0198","AW",NA,"Yellow","JS0079","JS0117"
"JS0198-20180529-010.wav","AW","AAAAAAACCCCCCCCCCCCCCCCCCCCCEEBHABACCCCCCCCCCCCCEEBHABACCCCCC",198,10,"29/05/2018","JS0198","AW",NA,"Yellow","JS0079","JS0117"
"JS0199-20140404-001.wav","AW","AAAAAAAAACCCCCCCCCCEECBAAAAAAAAAAAAAACCCCCCCCCCEECBH",199,1,"04/04/2014","JS0199","AW",NA,"Yellow","JS0079","JS0117"
"JS0199-20140404-002.wav","AW","AAAAACCCCCCCCCEECBAAAAAAAAAACCCCCCCCCEECBHABACCCCCCCEECBH",199,2,"04/04/2014","JS0199","AW",NA,"Yellow","JS0079","JS0117"
"JS0199-20140404-003.wav","AW","AAAAAAAACCCCCCCCCCCEECBAAAAAAAAAACCCCCCCCCCCCEECBHAB",199,3,"04/04/2014","JS0199","AW",NA,"Yellow","JS0079","JS0117"
"JS0199-20140404-004.wav","AW","AAAAAAAAACCCCCCCCCCCCEECBHABACCCCCCCCEECBH",199,4,"04/04/2014","JS0199","AW",NA,"Yellow","JS0079","JS0117"
"JS0199-20140404-005.wav","AW","AAAAAAACCCCCCCCCCCCEECBAAAAAAAAAAAACCCCCCCCCEECB",199,5,"04/04/2014","JS0199","AW",NA,"Yellow","JS0079","JS0117"
"JS0199-20140404-006.wav","AW","AAAAAAAAACCCCCCCCCCEECBHABACCCCCCCEECBHABACC",199,6,"04/04/2014","JS0199","AW",NA,"Yellow","JS0079","JS0117"
"JS0199-20140404-007.wav","AW","AAAAAAAAACCCCCCCCCCEECBAAAAAAAA",199,7,"04/04/2014","JS0199","AW",NA,"Yellow","JS0079","JS0117"
"JS0199-20140404-008.wav","AW","AAAAAAAAACCCCCCCCCEECBAAAAAAAAAAAAACCCCCCCCCEECBH",199,8,"04/04/2014","JS0199","AW",NA,"Yellow","JS0079","JS0117"
"JS0199-20140404-009.wav","AW","AAAAAAACCCCCCCCCCCEECBHABACCCCCCCCCEECBHABACCCCCCCCEECB",199,9,"04/04/2014","JS0199","AW",NA,"Yellow","JS0079","JS0117"
"JS0199-20140404-010.wav","AW","AAAAAAAAAACCCCCCCCCCEECBHABACCCCCCCCEECBHABACCCCCCCCEECBH",199,10,"04/04/2014","JS0199","AW",NA,"Yellow","JS0079","JS0117"
"JS0201-20180530-001.wav","AW","AAAAAABHABAAABHABAAABHABA",201,1,"30/05/2018","JS0201","AW",NA,"Yellow","JS0079","JS0102"
"JS0201-20180530-002.wav","AW","AAAAABHABAAABHABAAABHABAA",201,2,"30/05/2018","JS0201","AW",NA,"Yellow","JS0079","JS0102"
"JS0201-20180530-003.wav","AW","AAAAAABHABAAAABHABAAABHABA",201,3,"30/05/2018","JS0201","AW",NA,"Yellow","JS0079","JS0102"
"JS0201-20180530-004.wav","AW","AAAAAABHABABAAAABHABAAA",201,4,"30/05/2018","JS0201","AW",NA,"Yellow","JS0079","JS0102"
"JS0201-20180530-005.wav","AW","AAAAAAAABHABAAABHABAAAAAA",201,5,"30/05/2018","JS0201","AW",NA,"Yellow","JS0079","JS0102"
"JS0201-20180530-006.wav","AW","AAAAAAAABHABAAAABHABAAAABHAB",201,6,"30/05/2018","JS0201","AW",NA,"Yellow","JS0079","JS0102"
"JS0201-20180530-007.wav","AW","AAAAAAAABHABAAABHABAAAABHABAA",201,7,"30/05/2018","JS0201","AW",NA,"Yellow","JS0079","JS0102"
"JS0201-20180530-008.wav","AW","AAAAAAABHABAABHABABAAAAAABH",201,8,"30/05/2018","JS0201","AW",NA,"Yellow","JS0079","JS0102"
"JS0201-20180530-009.wav","AW","AAAAAAAABHABAAABHABAAA",201,9,"30/05/2018","JS0201","AW",NA,"Yellow","JS0079","JS0102"
"JS0225-20190824-001.wav","AX","AAAAAAACCCCCCCCCCCCCCCOHABABACCCCCCCCCEEIAAAAACCCCCCCCCEEIAAAAACCCCCCCCCEEO",225,1,"24/08/2019","JS0225","AX",NA,"Yellow","JS0072","JS0074"
"JS0225-20190824-002.wav","AX","AAAAACCCCCCCCCCCCEEOHABABACCCCCCCCCEEIAAAAACCCCCCCCCCEEI",225,2,"24/08/2019","JS0225","AX",NA,"Yellow","JS0072","JS0074"
"JS0225-20190824-003.wav","AX","AAAAAAAACCCCCCCCCCCEEOHABABACCCCCCCCCEEIAAAAACCCCCCCCCCEEI",225,3,"24/08/2019","JS0225","AX",NA,"Yellow","JS0072","JS0074"
"JS0225-20190824-004.wav","AX","AAAAAACCCCCCCCCCCCEEOHABABACCCCCCCEEIAAAAACCCCCCCCCCCEEIA",225,4,"24/08/2019","JS0225","AX",NA,"Yellow","JS0072","JS0074"
"JS0225-20190824-005.wav","AX","AAAAAACCCCCCCCCCEEOHABABACCCCCCCCCEEIAAAAACCCCCCCCCCEEI",225,5,"24/08/2019","JS0225","AX",NA,"Yellow","JS0072","JS0074"
"JS0225-20190824-006.wav","AX","AAAAAAACCCCCCCCCCCCEEOHABABACCCCCCCCCCEEIAAAAACCCCCCCCCCEEI",225,6,"24/08/2019","JS0225","AX",NA,"Yellow","JS0072","JS0074"
"JS0225-20190824-007.wav","AX","AAAAAAACCCCCCCCCCCCEEOHABABACCCCCCCCCCEEIAAAAACCCCCCCCCEEI",225,7,"24/08/2019","JS0225","AX",NA,"Yellow","JS0072","JS0074"
"JS0225-20190824-008.wav","AX","AAAAAACCCCCCCCCCCCCEEOHABABACCCCCCCCCCCEEIAAAAACCCCCCCCCEEI",225,8,"24/08/2019","JS0225","AX",NA,"Yellow","JS0072","JS0074"
"JS0253-20180609-001.wav","AY","AAAAAFFGAFAFAFAAFA",253,1,"09/06/2018","JS0253","AY","Y","Yellow",NA,"JS0187"
"JS0253-20180609-002.wav","AY","AAAAEGAFAFAFFFA",253,2,"09/06/2018","JS0253","AY","Y","Yellow",NA,"JS0187"
"JS0253-20180609-003.wav","AY","AAAAAFGAFAFFFA",253,3,"09/06/2018","JS0253","AY","Y","Yellow",NA,"JS0187"
"JS0253-20180609-004.wav","AY","AAAAAAAFGAFAFAFFFAAAAAA",253,4,"09/06/2018","JS0253","AY","Y","Yellow",NA,"JS0187"
"JS0253-20180609-005.wav","AY","AAAAAAAAFGAFAFAFFFA",253,5,"09/06/2018","JS0253","AY","Y","Yellow",NA,"JS0187"
"JS0253-20180609-006.wav","AY","AAAAAFGAFAFAFFFAAAAAAA",253,6,"09/06/2018","JS0253","AY","Y","Yellow",NA,"JS0187"
"JS0253-20180609-007.wav","AY","AAAAAAFGAFAFAFFFAAAAAAAFGAFAFFFA",253,7,"09/06/2018","JS0253","AY","Y","Yellow",NA,"JS0187"
"JS0253-20180609-008.wav","AY","AAAAAAFGAFAFAFFFAAAA",253,8,"09/06/2018","JS0253","AY","Y","Yellow",NA,"JS0187"
"JS0329-20191005-001.wav","AZ","AAAAFFGAFAFFFAAAAAAFGAFAFFF",329,1,"05/10/2019","JS0329","AZ",NA,"Yellow","JS0253","JS0243"
"JS0329-20191005-002.wav","AZ","AAAAAFFFGAFAFFFAAAAAAFGAFAFFFAAAAAAFG",329,2,"05/10/2019","JS0329","AZ",NA,"Yellow","JS0253","JS0243"
"JS0329-20191005-003.wav","AZ","AAAAAAAFFGAFAFFFAAAAAAAFGAFAFFFAAAAAAFG",329,3,"05/10/2019","JS0329","AZ",NA,"Yellow","JS0253","JS0243"
"JS0329-20191005-004.wav","AZ","AAAAAFFGAFGAFAFFFAAAAAAFG",329,4,"05/10/2019","JS0329","AZ",NA,"Yellow","JS0253","JS0243"
"JS0329-20191005-005.wav","AZ","AAAAAAAAAFFGAFAFFFAAAAAAFGAFAFFFAAA",329,5,"05/10/2019","JS0329","AZ",NA,"Yellow","JS0253","JS0243"
"JS0329-20191005-006.wav","AZ","AAAAAAAFGAFAFFFFAAAAAAAFG",329,6,"05/10/2019","JS0329","AZ",NA,"Yellow","JS0253","JS0243"
"JS0329-20191005-007.wav","AZ","AAAAAAFFGAFAFFFAAAAAAFGAFAFFAAAAAAAF",329,7,"05/10/2019","JS0329","AZ",NA,"Yellow","JS0253","JS0243"
"JS0329-20191005-008.wav","AZ","AAAAAFFFGAFAFFFAAAAAAAFGAFAFF",329,8,"05/10/2019","JS0329","AZ",NA,"Yellow","JS0253","JS0243"
"JS0329-20191005-009.wav","AZ","AAAAAAFFFGAFAFFFAAAAAAAFGAFAFFFAAAAAAFG",329,9,"05/10/2019","JS0329","AZ",NA,"Yellow","JS0253","JS0243"
"JS0329-20191005-010.wav","AZ","AAAAAFFGAFAFFFAAAAAAAFGAFAFFFAAAAAFG",329,10,"05/10/2019","JS0329","AZ",NA,"Yellow","JS0253","JS0243"
"JS0052-20111221-001.wav","B","ABBBBAAAAABBBBABABABABABABABABA",52,1,"21/12/2011","JS0052","B",NA,"Blue","JS0037","JS0037"
"JS0052-20111221-002.wav","B","ABAAAAAAAABBAAAABBBBBABBB",52,2,"21/12/2011","JS0052","B",NA,"Blue","JS0037","JS0037"
"JS0052-20111221-003.wav","B","ABBBBBBAAAAABBBBBBABB",52,3,"21/12/2011","JS0052","B",NA,"Blue","JS0037","JS0037"
"JS0052-20111221-004.wav","B","BBAAAAAABBBBABBBBGABABABABAB",52,4,"21/12/2011","JS0052","B",NA,"Blue","JS0037","JS0037"
"JS0052-20111221-005.wav","B","ABBBAAABBBBBABBBGABABABABAB",52,5,"21/12/2011","JS0052","B",NA,"Blue","JS0037","JS0037"
"JS0052-20111221-006.wav","B","ABBBAAAABBBBBABBGABABABABABABABG",52,6,"21/12/2011","JS0052","B",NA,"Blue","JS0037","JS0037"
"JS0052-20111221-007.wav","B","DABBBBBAAAAABBBBBBABBBBGABABABAB",52,7,"21/12/2011","JS0052","B",NA,"Blue","JS0037","JS0037"
"JS0052-20111221-008.wav","B","ABBBAAAABBBBBBABBBGABABAB",52,8,"21/12/2011","JS0052","B",NA,"Blue","JS0037","JS0037"
"JS0052-20111221-009.wav","B","ABBBAAAABBBBABBGABABABABABABA",52,9,"21/12/2011","JS0052","B",NA,"Blue","JS0037","JS0037"
"JS0052-20111221-010.wav","B","ABBBAAAAABBBBBBBABBGA",52,10,"21/12/2011","JS0052","B",NA,"Blue","JS0037","JS0037"
"JS0064-20140111-001.wav","BA","AAAAAAAAAAAAAAAAAAAAA",64,1,"11/01/2014","JS0064","BA",NA,"Pale Blue",NA,NA
"JS0064-20140111-002.wav","BA","AAAAAAAAAAAAAAAAAAAEAA",64,2,"11/01/2014","JS0064","BA",NA,"Pale Blue",NA,NA
"JS0064-20140111-003.wav","BA","ADAAAAAAAAAAAAAAAAAAAAAAAAAAAAAAAAAAAD",64,3,"11/01/2014","JS0064","BA",NA,"Pale Blue",NA,NA
"JS0064-20140111-004.wav","BA","AAAAAAAAAAAAAAAAAAAAAD",64,4,"11/01/2014","JS0064","BA",NA,"Pale Blue",NA,NA
"JS0064-20140111-005.wav","BA","AAAAAAAAAAAAAAAAAAA",64,5,"11/01/2014","JS0064","BA",NA,"Pale Blue",NA,NA
"JS0064-20140113-001.wav","BA","DAAAAAAAAAAAAAAAAAA",64,1,"13/01/2014","JS0064","BA",NA,"Pale Blue",NA,NA
"JS0064-20140113-002.wav","BA","AAAAAAAAAAAAAAAAAAAAAAA",64,2,"13/01/2014","JS0064","BA",NA,"Pale Blue",NA,NA
"JS0064-20140113-003.wav","BA","AAAAAAAAAAAAAAAAAAAAAAA",64,3,"13/01/2014","JS0064","BA",NA,"Pale Blue",NA,NA
"JS0064-20140113-004.wav","BA","AAAAAAAAAAAAAAAAAAAAAAAA",64,4,"13/01/2014","JS0064","BA",NA,"Pale Blue",NA,NA
"JS0243-20181118-001.wav","BA","ABBBBAAAABBBBABGABABABABABAB",243,1,"18/11/2018","JS0243","BA","Y","Blue",NA,"JS0085"
"JS0243-20181118-002.wav","BA","ABBBBAAAABBBBABGABABABAB",243,2,"18/11/2018","JS0243","BA","Y","Blue",NA,"JS0085"
"JS0243-20181118-003.wav","BA","AAAABBBBAAAABBBBABGABABABABABABABAB",243,3,"18/11/2018","JS0243","BA","Y","Blue",NA,"JS0085"
"JS0243-20181118-004.wav","BA","ABBBBAAAABBBBABGABABABABABAB",243,4,"18/11/2018","JS0243","BA","Y","Blue",NA,"JS0085"
"JS0243-20181118-005.wav","BA","AAAABBBBBBBABGABABABABABABABAB",243,5,"18/11/2018","JS0243","BA","Y","Blue",NA,"JS0085"
"JS0243-20181118-006.wav","BA","AAAABBBAAAABBBBABGABABABABABABABABABAB",243,6,"18/11/2018","JS0243","BA","Y","Blue",NA,"JS0085"
"JS0243-20181118-007.wav","BA","ABBBAAAABBBBABGABABABABABAB",243,7,"18/11/2018","JS0243","BA","Y","Blue",NA,"JS0085"
"JS0243-20181118-008.wav","BA","AAAABBBBAAAABBBBABGABABABABABABAB",243,8,"18/11/2018","JS0243","BA","Y","Blue",NA,"JS0085"
"JS0243-20181118-009.wav","BA","ABBBBAAAABBBBBABGABABAB",243,9,"18/11/2018","JS0243","BA","Y","Blue",NA,"JS0085"
"JS0243-20181118-010.wav","BA","AAABBBAAAABBBBABGABABABABABABABAB",243,10,"18/11/2018","JS0243","BA","Y","Blue",NA,"JS0085"
"JS0267-20181122-001.wav","BB","ABBBBBBABABABABABABABABABABAB",267,1,"22/11/2018","JS0267","BB","Y","Green",NA,"JS0192"
"JS0267-20181122-002.wav","BB","AAAAAAAABBBBBBABABABABABABABABABABABABABAB",267,2,"22/11/2018","JS0267","BB","Y","Green",NA,"JS0192"
"JS0267-20181122-003.wav","BB","ABBBBBBABABABABABABABABABAB",267,3,"22/11/2018","JS0267","BB","Y","Green",NA,"JS0192"
"JS0267-20181122-004.wav","BB","AAAAABBBBBBABABABABABABABABABABAB",267,4,"22/11/2018","JS0267","BB","Y","Green",NA,"JS0192"
"JS0267-20181122-005.wav","BB","AAAAAABBBBBABABABABABABABAB",267,5,"22/11/2018","JS0267","BB","Y","Green",NA,"JS0192"
"JS0267-20181122-006.wav","BB","ABBBBBABABABABABABABABABABABABABABA",267,6,"22/11/2018","JS0267","BB","Y","Green",NA,"JS0192"
"JS0267-20181122-007.wav","BB","AABBBBBABABABABABABABABABABABABABAB",267,7,"22/11/2018","JS0267","BB","Y","Green",NA,"JS0192"
"JS0267-20181122-008.wav","BB","ABBBBBABABABABABABABABAB",267,8,"22/11/2018","JS0267","BB","Y","Green",NA,"JS0192"
"JS0267-20181122-009.wav","BB","AAAAABBBBBABABABABABABABABABABABABABABABAB",267,9,"22/11/2018","JS0267","BB","Y","Green",NA,"JS0192"
"JS0267-20181122-010.wav","BB","AAAAABABBBBABABABABABABABABABABABABABABAB",267,10,"22/11/2018","JS0267","BB","Y","Green",NA,"JS0192"
"JS0099-20130606-001.wav","C","AAAAAAAAABBBAAAABBBBAB",99,1,"06/06/2013","JS0099","C",NA,"Blue","JS0052","JS0052"
"JS0099-20130606-002.wav","C","ABBBBAAAABBBABGABABABABAB",99,2,"06/06/2013","JS0099","C",NA,"Blue","JS0052","JS0052"
"JS0099-20130606-003.wav","C","ABBBBAAAABBBBABGABABABAB",99,3,"06/06/2013","JS0099","C",NA,"Blue","JS0052","JS0052"
"JS0099-20130606-004.wav","C","AAAABBBAAAABBBBABGABABABAB",99,4,"06/06/2013","JS0099","C",NA,"Blue","JS0052","JS0052"
"JS0099-20130606-005.wav","C","AAAAAAAAABBBAAAABBBBABGABABABABAB",99,5,"06/06/2013","JS0099","C",NA,"Blue","JS0052","JS0052"
"JS0099-20130606-006.wav","C","ABAAAAABBBBAGABABABABAB",99,6,"06/06/2013","JS0099","C",NA,"Blue","JS0052","JS0052"
"JS0099-20130606-007.wav","C","AABBBAAAAABBBBABGABABABABAB",99,7,"06/06/2013","JS0099","C",NA,"Blue","JS0052","JS0052"
"JS0099-20130606-008.wav","C","ABBBAAAABBBBABGAB",99,8,"06/06/2013","JS0099","C",NA,"Blue","JS0052","JS0052"
"JS0099-20130606-009.wav","C","ABBBAAAAABBBBABGABABABABABA",99,9,"06/06/2013","JS0099","C",NA,"Blue","JS0052","JS0052"
"JS0099-20130606-010.wav","C","ABBBBAAAABBBBABGABABAB",99,10,"06/06/2013","JS0099","C",NA,"Blue","JS0052","JS0052"
"JS0100-20131222-001.wav","C","AAAABBBBBGABABABABAB",100,1,"22/12/2013","JS0100","C",NA,"Blue","JS0052","JS0052"
"JS0100-20131222-002.wav","C","AAAABBBBBAAAAAABBBBABG",100,2,"22/12/2013","JS0100","C",NA,"Blue","JS0052","JS0052"
"JS0100-20131222-003.wav","C","AAAABBBBAAAAAABBBBBABG",100,3,"22/12/2013","JS0100","C",NA,"Blue","JS0052","JS0052"
"JS0100-20131222-004.wav","C","AABBBBGABABABABABABABAB",100,4,"22/12/2013","JS0100","C",NA,"Blue","JS0052","JS0052"
"JS0100-20131222-005.wav","C","AAAABBBBBAAAAABBBBBBABG",100,5,"22/12/2013","JS0100","C",NA,"Blue","JS0052","JS0052"
"JS0100-20131222-006.wav","C","ABBBBAAAAAAABBBBBABG",100,6,"22/12/2013","JS0100","C",NA,"Blue","JS0052","JS0052"
"JS0100-20131222-007.wav","C","AAABBBBAAAAAABBBBABG",100,7,"22/12/2013","JS0100","C",NA,"Blue","JS0052","JS0052"
"JS0100-20131222-008.wav","C","AAABBBBBAAAAABBBBBABGABABAB",100,8,"22/12/2013","JS0100","C",NA,"Blue","JS0052","JS0052"
"JS0100-20131222-009.wav","C","AAAABBBBBAAAAABBBBABGABABABABABAB",100,9,"22/12/2013","JS0100","C",NA,"Blue","JS0052","JS0052"
"JS0100-20131222-010.wav","C","AAABBBBGABABABABABABABAB",100,10,"22/12/2013","JS0100","C",NA,"Blue","JS0052","JS0052"
"JS0101-20140424-001.wav","C","ABBBBAAAABBBBBABGABABABAB",101,1,"24/04/2014","JS0101","C",NA,"Blue","JS0052","JS0052"
"JS0101-20140425-001.wav","C","ABBBBAAAABBBBABGABABAB",101,1,"25/04/2014","JS0101","C",NA,"Blue","JS0052","JS0052"
"JS0101-20140425-002.wav","C","ABBBAAAABBBBABGABABABABAB",101,2,"25/04/2014","JS0101","C",NA,"Blue","JS0052","JS0052"
"JS0101-20140425-003.wav","C","ABBBAAAABBBBBABGABABABABAB",101,3,"25/04/2014","JS0101","C",NA,"Blue","JS0052","JS0052"
"JS0101-20140425-004.wav","C","ABBBAAAAABBBBBABGABABABAB",101,4,"25/04/2014","JS0101","C",NA,"Blue","JS0052","JS0052"
"JS0194-20181110-001.wav","D","AAABBAAAAABBBBABGABABABABAB",194,1,"10/11/2018","JS0194","D",NA,"Blue","JS0099","JS0087"
"JS0194-20181110-002.wav","D","ABAAAAAABBBBABGABABABABAB",194,2,"10/11/2018","JS0194","D",NA,"Blue","JS0099","JS0087"
"JS0194-20181110-003.wav","D","DABBBAAAABBBABGABABABAB",194,3,"10/11/2018","JS0194","D",NA,"Blue","JS0099","JS0087"
"JS0194-20181110-004.wav","D","ABAAAAABBBBABGABABABABABABAB",194,4,"10/11/2018","JS0194","D",NA,"Blue","JS0099","JS0087"
"JS0194-20181110-005.wav","D","ABBAAAAABBBBABGABABABABAB",194,5,"10/11/2018","JS0194","D",NA,"Blue","JS0099","JS0087"
"JS0194-20181110-006.wav","D","ABBBAAAAABBBBABGABABABABABAB",194,6,"10/11/2018","JS0194","D",NA,"Blue","JS0099","JS0087"
"JS0194-20181110-007.wav","D","ABBBAAAABBBBABGABABABABABAB",194,7,"10/11/2018","JS0194","D",NA,"Blue","JS0099","JS0087"
"JS0194-20181110-008.wav","D","DAAABBBAAAAABBBBABGABABABABABABAB",194,8,"10/11/2018","JS0194","D",NA,"Blue","JS0099","JS0087"
"JS0194-20181110-009.wav","D","ABBBAAAABBBBABGABABABAB",194,9,"10/11/2018","JS0194","D",NA,"Blue","JS0099","JS0087"
"JS0194-20181110-010.wav","D","ABBBAAABBBBABGABABABABAB",194,10,"10/11/2018","JS0194","D",NA,"Blue","JS0099","JS0087"
"JS0195-20181226-001.wav","D","AAAAABBBAAABBBBABGABABABABG",195,1,"26/12/2018","JS0195","D",NA,"Blue","JS0099","JS0087"
"JS0195-20181226-002.wav","D","ABBAAAAABBBBABGABABABABABABG",195,2,"26/12/2018","JS0195","D",NA,"Blue","JS0099","JS0087"
"JS0195-20181226-003.wav","D","ABBBAAABBBBABGABABABABABG",195,3,"26/12/2018","JS0195","D",NA,"Blue","JS0099","JS0087"
"JS0195-20181226-004.wav","D","ABBBAAAABBBBABGABABABABABG",195,4,"26/12/2018","JS0195","D",NA,"Blue","JS0099","JS0087"
"JS0195-20181226-005.wav","D","ABBBAAAABBBBABGABABABABG",195,5,"26/12/2018","JS0195","D",NA,"Blue","JS0099","JS0087"
"JS0206-20140807-001.wav","E","AAAAAAAAAAAABBBBABGABABABABABABABABG",206,1,"07/08/2014","JS0206","E",NA,"Blue","JS0100","JS0079 or JS0102"
"JS0206-20140807-002.wav","E","AAAAAAAAAAABBBBABGABABABA",206,2,"07/08/2014","JS0206","E",NA,"Blue","JS0100","JS0079 or JS0102"
"JS0206-20140807-003.wav","E","AAAAAAAAAAAAABBBBABGABABABABABABG",206,3,"07/08/2014","JS0206","E",NA,"Blue","JS0100","JS0079 or JS0102"
"JS0206-20140807-004.wav","E","AAAAAAAAAAABBBBABGABABABABABAAAA",206,4,"07/08/2014","JS0206","E",NA,"Blue","JS0100","JS0079 or JS0102"
"JS0206-20140807-005.wav","E","AAAAAAAAAAABBBBABGABABA",206,5,"07/08/2014","JS0206","E",NA,"Blue","JS0100","JS0079 or JS0102"
"JS0206-20140807-006.wav","E","AAAAAAAAAAABBBBABGABABABA",206,6,"07/08/2014","JS0206","E",NA,"Blue","JS0100","JS0079 or JS0102"
"JS0206-20140807-007.wav","E","AAAAAAAAAAABBBBABGABABABABABABGABABABABABABG",206,7,"07/08/2014","JS0206","E",NA,"Blue","JS0100","JS0079 or JS0102"
"JS0206-20140807-008.wav","E","DAAAAAAAAAABBBBABGABABABABAB",206,8,"07/08/2014","JS0206","E",NA,"Blue","JS0100","JS0079 or JS0102"
"JS0206-20140807-009.wav","E","AAAAAAAAAAAABBBBABGABABABABAAAAABBBBABG",206,9,"07/08/2014","JS0206","E",NA,"Blue","JS0100","JS0079 or JS0102"
"JS0206-20140807-010.wav","E","AAAAAAAAAAAAAABBBBABGABABABAB",206,10,"07/08/2014","JS0206","E",NA,"Blue","JS0100","JS0079 or JS0102"
"JS0276-20190301-001.wav","F","AAAABBBAAABBBDABGABABABABABABGABDABDAB",276,1,"01/03/2019","JS0276","F",NA,"Blue","JS0101","JS0217"
"JS0276-20190301-002.wav","F","AAABBBAABBBDABGABABDABABDABABDABDAGGGGAB",276,2,"01/03/2019","JS0276","F",NA,"Blue","JS0101","JS0217"
"JS0276-20190301-003.wav","F","AAAABBABBBAAABBBDABGABDABDABDABGGABAB",276,3,"01/03/2019","JS0276","F",NA,"Blue","JS0101","JS0217"
"JS0276-20190301-004.wav","F","AAAABBBAAABBBDABGABABDABABDABABABGABDABAB",276,4,"01/03/2019","JS0276","F",NA,"Blue","JS0101","JS0217"
"JS0276-20190301-005.wav","F","AAAAABBBABBAAABBBDABGABDABDABDABDABDAB",276,5,"01/03/2019","JS0276","F",NA,"Blue","JS0101","JS0217"
"JS0276-20190301-006.wav","F","AAABBBAAABBBDABGABABABDABABABDABABG",276,6,"01/03/2019","JS0276","F",NA,"Blue","JS0101","JS0217"
"JS0276-20190301-007.wav","F","AAAAABBBAAABBBDABGABDABDABDABABDABDAB",276,7,"01/03/2019","JS0276","F",NA,"Blue","JS0101","JS0217"
"JS0276-20190301-008.wav","F","AAAABBBAAABBBDABGABABDABABABDAB",276,8,"01/03/2019","JS0276","F",NA,"Blue","JS0101","JS0217"
"JS0276-20190301-009.wav","F","AAAABBBAAABBBDABGABABABABABDABDABGGABAB",276,9,"01/03/2019","JS0276","F",NA,"Blue","JS0101","JS0217"
"JS0276-20190301-010.wav","F","AAABBBAAABBBDABGABABABABDABABDABGABDABAB",276,10,"01/03/2019","JS0276","F",NA,"Blue","JS0101","JS0217"
"JS0155-20150314-001.wav","G","AAAABAABAABAABAABAABAABAABAABAABAABBA",155,1,"14/03/2015","JS0155","G","Y","Dark Pink",NA,NA
"JS0155-20150314-002.wav","G","AAAAAAAAAABAABAABAABBAABBAABAABAABAABAABAABAABAAAAAAAAAAAAAABBBBB",155,2,"14/03/2015","JS0155","G","Y","Dark Pink",NA,NA
"JS0155-20150314-003.wav","G","AAAAAAAAABAABAABAABAABAABAAABBAAAAAAAABAABAABAABBBBBAAAAAAAAAABAABAA",155,3,"14/03/2015","JS0155","G","Y","Dark Pink",NA,NA
"JS0155-20150314-004.wav","G","AAAAAAAAAAAAABAABAABAABAABAABAABBAABAABAABAABAAAAABBBBBAAAAAA",155,4,"14/03/2015","JS0155","G","Y","Dark Pink",NA,NA
"JS0155-20150314-005.wav","G","AAAABAABAABAABAABAABAABAABAABAABAABAABAA",155,5,"14/03/2015","JS0155","G","Y","Dark Pink",NA,NA
"JS0155-20150314-006.wav","G","AAAAAAAAAAAABAABAABAABAABBAAAAAAAABAAABAABBBBBAAAAAAAA",155,6,"14/03/2015","JS0155","G","Y","Dark Pink",NA,NA
"JS0155-20150314-007.wav","G","AAAAAAAAAABAABAABAABAABAABAABAABBAABBBBBAAAAAAAABAABBBBBAABAABAA",155,7,"14/03/2015","JS0155","G","Y","Dark Pink",NA,NA
"JS0155-20150314-008.wav","G","AAAABAABAABAABAABAABAABAABBBBAAAAAAAAAAAAABAABAABAABAA",155,8,"14/03/2015","JS0155","G","Y","Dark Pink",NA,NA
"JS0155-20150314-009.wav","G","AAAAAAAAABAABAABAABAABAABAABAABAABBBBAAAAAAAAAAAAAABBBBBAABAABAABAAB",155,9,"14/03/2015","JS0155","G","Y","Dark Pink",NA,NA
"JS0155-20150314-010.wav","G","AAAAAAAAAABAABAABAABAABAABAABAABBBAAAADDD",155,10,"14/03/2015","JS0155","G","Y","Dark Pink",NA,NA
"JS0299-20180523-001.wav","H","DAAAAAAAABBAABAABAABAABBBAAAAAAABAABAABBBAAAAAAAABB",299,1,"23/05/2018","JS0299","H",NA,"Dark Pink","JS0155","JS0264"
"JS0299-20180523-002.wav","H","AAAAAAABBAABAABAABBBAAAAAAABAABAABAABBBAAAAAAABBAA",299,2,"23/05/2018","JS0299","H",NA,"Dark Pink","JS0155","JS0264"
"JS0299-20180523-003.wav","H","AAAAAAAAABBAABAABAA",299,3,"23/05/2018","JS0299","H",NA,"Dark Pink","JS0155","JS0264"
"JS0299-20180523-004.wav","H","AAAAAAAAABBAABAABAABBBBAAAAAABBAABAABAABBBAAAAAAAABBAABAAB",299,4,"23/05/2018","JS0299","H",NA,"Dark Pink","JS0155","JS0264"
"JS0299-20180523-005.wav","H","AAAAAAAABBAABAABAABBBAAAAAAAABBAABAABAABBBBAAAAAA",299,5,"23/05/2018","JS0299","H",NA,"Dark Pink","JS0155","JS0264"
"JS0299-20180523-006.wav","H","AAAAAAAABBAABAABAABBBAAAAAAABBAABAABAABBBAAAAAAABBAA",299,6,"23/05/2018","JS0299","H",NA,"Dark Pink","JS0155","JS0264"
"JS0002-20110427-001.wav","I","ABBABABABBABABABB",2,1,"27/04/2011","JS0002","I",NA,"Green",NA,NA
"JS0002-20110427-002.wav","I","ABBBAABABABBBEABABABABABBABB",2,2,"27/04/2011","JS0002","I",NA,"Green",NA,NA
"JS0002-20110427-003.wav","I","BBBBAAABABABBABABABB",2,3,"27/04/2011","JS0002","I",NA,"Green",NA,NA
"JS0002-20110427-004.wav","I","BBBBBABABDBABAEABABBAB",2,4,"27/04/2011","JS0002","I",NA,"Green",NA,NA
"JS0002-20110427-005.wav","I","ABBABABABBABABABB",2,5,"27/04/2011","JS0002","I",NA,"Green",NA,NA
"JS0002-20110427-006.wav","I","BBBAAEABABABABABBDBABBB",2,6,"27/04/2011","JS0002","I",NA,"Green",NA,NA
"JS0002-20110427-007.wav","I","ABBBABABABAABBABBBABABABAB",2,7,"27/04/2011","JS0002","I",NA,"Green",NA,NA
"JS0002-20110427-008.wav","I","ABBBAAAAABABBABABABBABB",2,8,"27/04/2011","JS0002","I",NA,"Green",NA,NA
"JS0002-20110427-009.wav","I","BBBAAABBABABABBEABABBBB",2,9,"27/04/2011","JS0002","I",NA,"Green",NA,NA
"JS0002-20110427-010.wav","I","BBBBABAAABABBABABAEABBABBB",2,10,"27/04/2011","JS0002","I",NA,"Green",NA,NA
"JS0048-20150117-001.wav","J","ABABBBBAABABAB",48,1,"17/01/2015","JS0048","J",NA,"Green","JS0002",NA
"JS0048-20150117-002.wav","J","ABBBABBBAABABABABABAB",48,2,"17/01/2015","JS0048","J",NA,"Green","JS0002",NA
"JS0048-20150117-003.wav","J","ABABBBBAABABABABABAB",48,3,"17/01/2015","JS0048","J",NA,"Green","JS0002",NA
"JS0048-20150117-004.wav","J","ABABBBBAABABABABABABAB",48,4,"17/01/2015","JS0048","J",NA,"Green","JS0002",NA
"JS0048-20150117-005.wav","J","ABAABBBBAABABABABABABABAEAB",48,5,"17/01/2015","JS0048","J",NA,"Green","JS0002",NA
"JS0048-20150117-006.wav","J","ABBBBBAABABABAB",48,6,"17/01/2015","JS0048","J",NA,"Green","JS0002",NA
"JS0048-20150117-007.wav","J","AAABBBAABABABABAB",48,7,"17/01/2015","JS0048","J",NA,"Green","JS0002",NA
"JS0048-20150117-008.wav","J","ABBBBAABABABABABABAEABAB",48,8,"17/01/2015","JS0048","J",NA,"Green","JS0002",NA
"JS0048-20150117-009.wav","J","AABBBBAABABABABABABAB",48,9,"17/01/2015","JS0048","J",NA,"Green","JS0002",NA
"JS0048-20150117-010.wav","J","AABBBBBAABABABABAEAB",48,10,"17/01/2015","JS0048","J",NA,"Green","JS0002",NA
"JS0114-20180522-001.wav","K","BBBAABABABABABABABABABAB",114,1,"22/05/2018","JS0114","K",NA,"Green","JS0048","JS0048"
"JS0114-20180522-002.wav","K","ABABBBAABABABABABABAB",114,2,"22/05/2018","JS0114","K",NA,"Green","JS0048","JS0048"
"JS0114-20180522-003.wav","K","BBBBAABABABABAB",114,3,"22/05/2018","JS0114","K",NA,"Green","JS0048","JS0048"
"JS0114-20180522-004.wav","K","BABBBAABABABABAB",114,4,"22/05/2018","JS0114","K",NA,"Green","JS0048","JS0048"
"JS0114-20180522-005.wav","K","ABBBBAABABABABABABABAB",114,5,"22/05/2018","JS0114","K",NA,"Green","JS0048","JS0048"
"JS0114-20180522-006.wav","K","ABBBBBAABABABABAB",114,6,"22/05/2018","JS0114","K",NA,"Green","JS0048","JS0048"
"JS0114-20180522-007.wav","K","AAABAABABABABABABABABABABABAB",114,7,"22/05/2018","JS0114","K",NA,"Green","JS0048","JS0048"
"JS0114-20180522-008.wav","K","AAABBBAABABABABABABABABAB",114,8,"22/05/2018","JS0114","K",NA,"Green","JS0048","JS0048"
"JS0114-20180522-009.wav","K","ABBBAABABABABABABABABABABAB",114,9,"22/05/2018","JS0114","K",NA,"Green","JS0048","JS0048"
"JS0114-20180522-010.wav","K","BBBABBAABABABABABABABABAB",114,10,"22/05/2018","JS0114","K",NA,"Green","JS0048","JS0048"
"JS0187-20130731-001.wav","L","ABBBBBAABABABABABABAB",187,1,"31/07/2013","JS0187","L",NA,"Green","JS0048","JS0117"
"JS0187-20130731-002.wav","L","AABBBBBAABABABABABAEABABABABAB",187,2,"31/07/2013","JS0187","L",NA,"Green","JS0048","JS0117"
"JS0187-20130731-003.wav","L","AABBBBBBAABABABABABABAEABABABABAB",187,3,"31/07/2013","JS0187","L",NA,"Green","JS0048","JS0117"
"JS0187-20130731-004.wav","L","AABBBBAABABABABABABABABAEABABABABAB",187,4,"31/07/2013","JS0187","L",NA,"Green","JS0048","JS0117"
"JS0187-20130731-005.wav","L","ABBBBBBAABABABABABABABAEABAB",187,5,"31/07/2013","JS0187","L",NA,"Green","JS0048","JS0117"
"JS0187-20130731-006.wav","L","AABBBBAABABABABABABABABAEAB",187,6,"31/07/2013","JS0187","L",NA,"Green","JS0048","JS0117"
"JS0187-20130731-007.wav","L","AABBBBBBAABABABABABAB",187,7,"31/07/2013","JS0187","L",NA,"Green","JS0048","JS0117"
"JS0187-20130731-008.wav","L","AABBBBBAABABABABABAB",187,8,"31/07/2013","JS0187","L",NA,"Green","JS0048","JS0117"
"JS0187-20130731-009.wav","L","AABBBBBAABABABABABAABABAEABABABABAEAB",187,9,"31/07/2013","JS0187","L",NA,"Green","JS0048","JS0117"
"JS0187-20130731-010.wav","L","ABBBBBAABABABABABABAEABABABABAEABABABAEABAB",187,10,"31/07/2013","JS0187","L",NA,"Green","JS0048","JS0117"
"JS0231-20181116-001.wav","M","AAAABBDBDBBAABABABADBABA",231,1,"16/11/2018","JS0231","M",NA,"Green","JS0187","JS0074"
"JS0231-20181116-002.wav","M","ABBDBBBDADBABABABA",231,2,"16/11/2018","JS0231","M",NA,"Green","JS0187","JS0074"
"JS0231-20181116-003.wav","M","ABDBDBBDBAABABABADBAB",231,3,"16/11/2018","JS0231","M",NA,"Green","JS0187","JS0074"
"JS0231-20181116-004.wav","M","ADBDBDBDBDBAABABABAB",231,4,"16/11/2018","JS0231","M",NA,"Green","JS0187","JS0074"
"JS0231-20181116-005.wav","M","ADBDBDBDBAABABABADBABABAB",231,5,"16/11/2018","JS0231","M",NA,"Green","JS0187","JS0074"
"JS0231-20181116-006.wav","M","ABDBDBDBDBAABABABABADBADBABAB",231,6,"16/11/2018","JS0231","M",NA,"Green","JS0187","JS0074"
"JS0231-20181116-007.wav","M","ADBDBDBDBDBAABABABA",231,7,"16/11/2018","JS0231","M",NA,"Green","JS0187","JS0074"
"JS0231-20181116-008.wav","M","ABBDBDBBAABABAB",231,8,"16/11/2018","JS0231","M",NA,"Green","JS0187","JS0074"
"JS0231-20181116-009.wav","M","ABDBBBBAABABABADB",231,9,"16/11/2018","JS0231","M",NA,"Green","JS0187","JS0074"
"JS0231-20181116-010.wav","M","ADBDBDBDBDBAABABABADBABABAB",231,10,"16/11/2018","JS0231","M",NA,"Green","JS0187","JS0074"
"JS0317-20191004-001.wav","O","AAAAAAAAAAAAAAABBBBBBBBAAAAABABABABABABAB",317,1,"04/10/2019","JS0317","O",NA,"Green","JS0187","JS0252"
"JS0317-20191004-002.wav","O","DDDDDDDDADAAAAAAAAAAABBBBBBBBAAAABABABABABABABABABABAB",317,2,"04/10/2019","JS0317","O",NA,"Green","JS0187","JS0252"
"JS0317-20191004-003.wav","O","AAAAAAAAAAAAAABBBBBBBBBBAAABABABABABABABABABAB",317,3,"04/10/2019","JS0317","O",NA,"Green","JS0187","JS0252"
"JS0317-20191004-004.wav","O","DDDDDDDDDADADADAAAAAAAAAAABBBBBBBAAAABABABABABABABABABAB",317,4,"04/10/2019","JS0317","O",NA,"Green","JS0187","JS0252"
"JS0317-20191004-005.wav","O","AAAAAAAAAAAAAABBBBBBBBBAAAABABABABABABABABABABAB",317,5,"04/10/2019","JS0317","O",NA,"Green","JS0187","JS0252"
"JS0317-20191004-006.wav","O","AAAAAAAAAAAAABBBBBBBBAAAABABABABABABABABABAB",317,6,"04/10/2019","JS0317","O",NA,"Green","JS0187","JS0252"
"JS0317-20191004-007.wav","O","DDDDDDDDDADADDADAAAAAAAAAAABBBBBBBBAAAABABABABABABABABABAB",317,7,"04/10/2019","JS0317","O",NA,"Green","JS0187","JS0252"
"JS0317-20191004-008.wav","O","AAAAAAAAAAAAAABBBBBBBBAAAABABABABABABABABAB",317,8,"04/10/2019","JS0317","O",NA,"Green","JS0187","JS0252"
"JS0317-20191004-009.wav","O","AAAADAAAAAAAAAAABBBBBBBBBAAAAABABABABABAB",317,9,"04/10/2019","JS0317","O",NA,"Green","JS0187","JS0252"
"JS0317-20191004-010.wav","O","AAAAAAAAAAAAAAABBBBBBAAAABABABABABABA",317,10,"04/10/2019","JS0317","O",NA,"Green","JS0187","JS0252"
"JS0016-20111123-001.wav","P","GBAAJJFGBABFBABFBABFBABFBABFBABFBABFFFFBA",16,1,"23/11/2011","JS0016","P",NA,"Orange",NA,NA
"JS0016-20111123-002.wav","P","GBABFBABFBABFBABFBABFBABFBABFFFBAGBA",16,2,"23/11/2011","JS0016","P",NA,"Orange",NA,NA
"JS0016-20111123-003.wav","P","GBABFBABFBABFBABFBABFBABFFFFBA",16,3,"23/11/2011","JS0016","P",NA,"Orange",NA,NA
"JS0016-20111123-004.wav","P","GBABFBABFBABFBAGBABFBABFBABFBABFFF",16,4,"23/11/2011","JS0016","P",NA,"Orange",NA,NA
"JS0016-20111123-005.wav","P","GBABFBABFBABFBABFBABFBABFFBAGBABFBABFBAGBAJFBABFBABFBABFBABFBABFFF",16,5,"23/11/2011","JS0016","P",NA,"Orange",NA,NA
"JS0016-20111123-006.wav","P","GBABFBABFBABFBABFBABFBABFFFGBABFBA",16,6,"23/11/2011","JS0016","P",NA,"Orange",NA,NA
"JS0016-20111123-007.wav","P","GBABFJFBABFBABFBABFBAGBAGBA",16,7,"23/11/2011","JS0016","P",NA,"Orange",NA,NA
"JS0016-20111123-008.wav","P","GBABFBABFBABFBABFFFBAGBAGBABFBA",16,8,"23/11/2011","JS0016","P",NA,"Orange",NA,NA
"JS0016-20111123-009.wav","P","GBABFBABFBABFBABFBABFBABFBAGBAAJFGBABFBABFBA",16,9,"23/11/2011","JS0016","P",NA,"Orange",NA,NA
"JS0016-20111123-010.wav","P","GBAJFBABFBABFBABFBABFBABFFFBAFBABFBA",16,10,"23/11/2011","JS0016","P",NA,"Orange",NA,NA
"JS0069-20111115-001.wav","Q","AJJJFGBABFBABFBABFBABFBABFFFBA",69,1,"15/11/2011","JS0069","Q",NA,"Orange","JS0016","JS0016"
"JS0069-20111115-002.wav","Q","AJJFAJJFGBABFBABFBABFFFFGBABFBABFBABFBABFFFFFBAGBA",69,2,"15/11/2011","JS0069","Q",NA,"Orange","JS0016","JS0016"
"JS0069-20111115-003.wav","Q","AJJJFGBABFBABFBABFBABFFFFBA",69,3,"15/11/2011","JS0069","Q",NA,"Orange","JS0016","JS0016"
"JS0069-20111115-004.wav","Q","AJJJFAJJFGBABFBABFBAAJJFGBABFBABFBABFBABFFBABF",69,4,"15/11/2011","JS0069","Q",NA,"Orange","JS0016","JS0016"
"JS0069-20111115-005.wav","Q","AJJJFGBABFBABFBABFBAB",69,5,"15/11/2011","JS0069","Q",NA,"Orange","JS0016","JS0016"
"JS0069-20111115-006.wav","Q","AJJJFAJJJFGBABFBABFBABFBABAJJJFAJJFGBABFBABFBD",69,6,"15/11/2011","JS0069","Q",NA,"Orange","JS0016","JS0016"
"JS0069-20111115-007.wav","Q","AJJJJFGBABFBABFBABFBABAABFBABFBABFFFFBA",69,7,"15/11/2011","JS0069","Q",NA,"Orange","JS0016","JS0016"
"JS0069-20111115-008.wav","Q","AJJJJFAJJFGBABFBABFBABFBABFBABFBAB",69,8,"15/11/2011","JS0069","Q",NA,"Orange","JS0016","JS0016"
"JS0069-20111115-009.wav","Q","AJJFGBABFBABFBABFBABFBAB",69,9,"15/11/2011","JS0069","Q",NA,"Orange","JS0016","JS0016"
"JS0069-20111115-010.wav","Q","AJJJFAJJFGBABFBABFBABFBAAJJJFAJJFGBABFBABFBABFBFBABF",69,10,"15/11/2011","JS0069","Q",NA,"Orange","JS0016","JS0016"
"JS0094-20130930-001.wav","R","AJJFGBABFBABFFFBABFFFBAB",94,1,"30/09/2013","JS0094","R",NA,"Orange","JS0016","JS0016"
"JS0094-20130930-002.wav","R","BAAAJJFAJJFGBABFBABFBABFFFFFB",94,2,"30/09/2013","JS0094","R",NA,"Orange","JS0016","JS0016"
"JS0094-20130930-003.wav","R","BAAAJJFGBABFBABFBABFFFBABFFBABFF",94,3,"30/09/2013","JS0094","R",NA,"Orange","JS0016","JS0016"
"JS0094-20130930-004.wav","R","BBAAAJJFAJJFGBABFBABFBABFFFFBABFFFB",94,4,"30/09/2013","JS0094","R",NA,"Orange","JS0016","JS0016"
"JS0094-20130930-005.wav","R","AJJJFGBABFBABFBABFFFBABFFFB",94,5,"30/09/2013","JS0094","R",NA,"Orange","JS0016","JS0016"
"JS0094-20130930-006.wav","R","BAAAAJJFAJJFGBABFBABFBABFFFBABFFFBAB",94,6,"30/09/2013","JS0094","R",NA,"Orange","JS0016","JS0016"
"JS0094-20130930-007.wav","R","DBAAJJFGBABFBABFBABFFFBABFFFBABFF",94,7,"30/09/2013","JS0094","R",NA,"Orange","JS0016","JS0016"
"JS0094-20130930-008.wav","R","BAAAAJJFGBABFBABFBABFFFBABFFFBABFFFBAB",94,8,"30/09/2013","JS0094","R",NA,"Orange","JS0016","JS0016"
"JS0094-20130930-009.wav","R","BAAAAJJFGBABFBABFBABFFFBABFFFBAB",94,9,"30/09/2013","JS0094","R",NA,"Orange","JS0016","JS0016"
"JS0094-20130930-010.wav","R","BAAAJJFGBABFBABFBABFFFBABFFFBABFF",94,10,"30/09/2013","JS0094","R",NA,"Orange","JS0016","JS0016"
"JS0095-20150118-001.wav","R","FAFAFFFFFFFAFFAFFAF",95,1,"18/01/2015","JS0095","R",NA,"Orange","JS0016","JS0016"
"JS0095-20150118-002.wav","R","FAFFAFFFFFAFFAFFAFFAFFA",95,2,"18/01/2015","JS0095","R",NA,"Orange","JS0016","JS0016"
"JS0095-20150118-003.wav","R","AAFFAFAFAFFFFFAFFAFFAFFAFFFFA",95,3,"18/01/2015","JS0095","R",NA,"Orange","JS0016","JS0016"
"JS0095-20150118-004.wav","R","FAFAFFFFFAFFAFFAFFAFFAFFAFFA",95,4,"18/01/2015","JS0095","R",NA,"Orange","JS0016","JS0016"
"JS0095-20150118-005.wav","R","FFAFFAFFA",95,5,"18/01/2015","JS0095","R",NA,"Orange","JS0016","JS0016"
"JS0095-20150119-001.wav","R","AAAFFAFAFFAFFAFFAFFAFFAFFAFFAFFFA",95,1,"19/01/2015","JS0095","R",NA,"Orange","JS0016","JS0016"
"JS0095-20150119-002.wav","R","FAFAFFFAFFAFFAFFFAFFAFFAF",95,2,"19/01/2015","JS0095","R",NA,"Orange","JS0016","JS0016"
"JS0095-20150119-003.wav","R","FAFAFFFFFFAFFAFFAFFAF",95,3,"19/01/2015","JS0095","R",NA,"Orange","JS0016","JS0016"
"JS0095-20150119-004.wav","R","FAFAFFFFFAFAFAFFFAFFAFF",95,4,"19/01/2015","JS0095","R",NA,"Orange","JS0016","JS0016"
"JS0095-20150119-005.wav","R","FAFAFFFFAFFAFFAFFAFFF",95,5,"19/01/2015","JS0095","R",NA,"Orange","JS0016","JS0016"
"JS0096-20130715-001.wav","R","AJJFAJJFGBABFBABFBABFBABFBABFBABFBABF",96,1,"15/07/2013","JS0096","R",NA,"Orange","JS0016","JS0016"
"JS0096-20130715-002.wav","R","GBBFBABFBABFBABFFFFFBAFFFBA",96,2,"15/07/2013","JS0096","R",NA,"Orange","JS0016","JS0016"
"JS0096-20130715-003.wav","R","AJJFGBABFBABFBABFBABFFFFBAFFFBA",96,3,"15/07/2013","JS0096","R",NA,"Orange","JS0016","JS0016"
"JS0096-20130715-004.wav","R","AJJFAJJFGBABFBABFBABFBABFBAFFFFBAFFFBA",96,4,"15/07/2013","JS0096","R",NA,"Orange","JS0016","JS0016"
"JS0096-20130715-005.wav","R","AJJFGBABFBABFBABFBABFFFBAFFFBAFFFBAGBA",96,5,"15/07/2013","JS0096","R",NA,"Orange","JS0016","JS0016"
"JS0096-20130715-006.wav","R","GBABFBABFBABFFFFBAFFFBAFFFBA",96,6,"15/07/2013","JS0096","R",NA,"Orange","JS0016","JS0016"
"JS0096-20130715-007.wav","R","AJJFGBABFBABFBABFFFFFFBAFFFB",96,7,"15/07/2013","JS0096","R",NA,"Orange","JS0016","JS0016"
"JS0096-20130715-008.wav","R","GBABFBABFBABFBABFFFBAFFFBA",96,8,"15/07/2013","JS0096","R",NA,"Orange","JS0016","JS0016"
"JS0096-20130715-009.wav","R","GBABFBABFBABFBABFFFFFBAFFFBA",96,9,"15/07/2013","JS0096","R",NA,"Orange","JS0016","JS0016"
"JS0096-20130715-010.wav","R","AJJFAJJFGBABFBABFBABFBABFFFFFFBAFFFBA",96,10,"15/07/2013","JS0096","R",NA,"Orange","JS0016","JS0016"
"JS0215-20180518-001.wav","S","AAAFGAFAFAAAAAAAFFFFAAAAA",215,1,"18/05/2018","JS0215","S",NA,"Orange","JS0094","JS0170"
"JS0215-20180518-002.wav","S","AAAAFGAFAFAFFFAAAAAAFGAFAFAFFFAAAA",215,2,"18/05/2018","JS0215","S",NA,"Orange","JS0094","JS0170"
"JS0215-20180518-003.wav","S","AAAAFGAFAFAFFAAAAAAAFGAFAFA",215,3,"18/05/2018","JS0215","S",NA,"Orange","JS0094","JS0170"
"JS0215-20180518-004.wav","S","AAAAAFFGAFAFAAAAAAAFGAFAFFAAA",215,4,"18/05/2018","JS0215","S",NA,"Orange","JS0094","JS0170"
"JS0215-20180518-005.wav","S","AAFFGAFAFAAAAAFGAFAFAFFFFAAAA",215,5,"18/05/2018","JS0215","S",NA,"Orange","JS0094","JS0170"
"JS0215-20180518-006.wav","S","AAAAFGAFAFAAAAAAAFGAFAFAFFAAA",215,6,"18/05/2018","JS0215","S",NA,"Orange","JS0094","JS0170"
"JS0215-20180518-007.wav","S","AAAAAAFGAFAFAAAAAAFGAFAFAAAAAA",215,7,"18/05/2018","JS0215","S",NA,"Orange","JS0094","JS0170"
"JS0215-20180518-008.wav","S","AAFGAFAFAFFFAAAAAAAFGAFAFAA",215,8,"18/05/2018","JS0215","S",NA,"Orange","JS0094","JS0170"
"JS0215-20180518-009.wav","S","AAAAAFFGAFAFAFFAAAAAFGAFAFFA",215,9,"18/05/2018","JS0215","S",NA,"Orange","JS0094","JS0170"
"JS0215-20180518-010.wav","S","AAAAFFFGAFAFAAAAAFGAFAFFFAA",215,10,"18/05/2018","JS0215","S",NA,"Orange","JS0094","JS0170"
"JS0252-20191006-001.wav","T","AAAAAAJFAJFGBABFBABFBABFBABFFFBABBAJFGBABFBABFBABFBA",252,1,"06/10/2019","JS0252","T",NA,"Orange","JS0094","JS0170"
"JS0252-20191006-002.wav","T","AAAAAABBBAAAAJJFGBABFBABFBABFBABFFFBABBB",252,2,"06/10/2019","JS0252","T",NA,"Orange","JS0094","JS0170"
"JS0252-20191006-003.wav","T","AAABBAAJJFGBABFBABFBABFBABFFFFBABB",252,3,"06/10/2019","JS0252","T",NA,"Orange","JS0094","JS0170"
"JS0252-20191006-004.wav","T","AAAAABBBAAJFGBABFBABFBABFFFBABBBAJFGB",252,4,"06/10/2019","JS0252","T",NA,"Orange","JS0094","JS0170"
"JS0252-20191006-005.wav","T","AAAAAAJJFGBABFBABFFFBABBBBAJFGBABFBABFBABFFFB",252,5,"06/10/2019","JS0252","T",NA,"Orange","JS0094","JS0170"
"JS0252-20191006-006.wav","T","AAAAAJJFAJFGBABFBABFBABFFFBABBBAJFGBABFBABFBAB",252,6,"06/10/2019","JS0252","T",NA,"Orange","JS0094","JS0170"
"JS0252-20191006-007.wav","T","AABBBAAAJJFGBABFBABFBABFFFBABBBAJFGBABFBABFBABFFFB",252,7,"06/10/2019","JS0252","T",NA,"Orange","JS0094","JS0170"
"JS0252-20191006-008.wav","T","AAAAAAJJFAJFGBABFBABFBABFFFBABBAAJFGBABFBABFBABFFF",252,8,"06/10/2019","JS0252","T",NA,"Orange","JS0094","JS0170"
"JS0252-20191006-009.wav","T","AAAABBBBAAAAJFGBABFBABFBABFFFFBABB",252,9,"06/10/2019","JS0252","T",NA,"Orange","JS0094","JS0170"
"JS0252-20191006-010.wav","T","AAAAAAAAAJJFGBABFBABFBABFFFBABBBBAJFGBABFBABFBABFBA",252,10,"06/10/2019","JS0252","T",NA,"Orange","JS0094","JS0170"
"JS0324-20191005-001.wav","U","ABBBAAEEFAEFGIBFIBFIBFFFBABBAAAAA",324,1,"05/10/2019","JS0324","U",NA,"Orange","JS0252","JS0267"
"JS0324-20191005-002.wav","U","ABBBAAAEEFAEFGIBFIBFIBFFFBABBAAAAEFGIBFIBFFFBA",324,2,"05/10/2019","JS0324","U",NA,"Orange","JS0252","JS0267"
"JS0324-20191005-003.wav","U","ABBAAAAEEFAEFGIBFIBFIBFFFBABBAAAAAEFGIBF",324,3,"05/10/2019","JS0324","U",NA,"Orange","JS0252","JS0267"
"JS0324-20191005-004.wav","U","ABBABAAEEFAEFGIBFIBFIBFFFBABBAAAEFGIBFIBFIBFF",324,4,"05/10/2019","JS0324","U",NA,"Orange","JS0252","JS0267"
"JS0324-20191005-005.wav","U","ABBAAAAEEFAEFGIBFIBFIBFFFBABBAAAAAEFG",324,5,"05/10/2019","JS0324","U",NA,"Orange","JS0252","JS0267"
"JS0324-20191005-006.wav","U","BBBBAAEEFAEFGIBFIBFIBFFFBABBAAAAA",324,6,"05/10/2019","JS0324","U",NA,"Orange","JS0252","JS0267"
"JS0324-20191005-007.wav","U","ABBAAAEEFAEFGIBFIBFIBFFFBABBAAAAEFGIBFIBFFFBAB",324,7,"05/10/2019","JS0324","U",NA,"Orange","JS0252","JS0267"
"JS0324-20191005-008.wav","U","ABBBAAEEFAEFGIBFIBFIBFFFBAB",324,8,"05/10/2019","JS0324","U",NA,"Orange","JS0252","JS0267"
"JS0324-20191005-009.wav","U","ABBBAAEJFAEFGIBFIBFIBFFBABBAAAAA",324,9,"05/10/2019","JS0324","U",NA,"Orange","JS0252","JS0267"
"JS0324-20191005-010.wav","U","BBBBAAEEFAEFAEFGIBFIBFIBFFFBABBAA",324,10,"05/10/2019","JS0324","U",NA,"Orange","JS0252","JS0267"
"JS0085-20120116-001.wav","V","AAAAAAAAAAAAAAA",85,1,"16/01/2012","JS0085","V",NA,"Pale Blue","JS0064","JS0064"
"JS0085-20120116-002.wav","V","AAAAAAAAAAAAAAAA",85,2,"16/01/2012","JS0085","V",NA,"Pale Blue","JS0064","JS0064"
"JS0085-20120116-003.wav","V","AAAAAAAAAAAAAA",85,3,"16/01/2012","JS0085","V",NA,"Pale Blue","JS0064","JS0064"
"JS0085-20120116-004.wav","V","AAAAAAAAAAAAAAAAAAAAAAA",85,4,"16/01/2012","JS0085","V",NA,"Pale Blue","JS0064","JS0064"
"JS0085-20120116-005.wav","V","AAAAAAAAAAAAA",85,5,"16/01/2012","JS0085","V",NA,"Pale Blue","JS0064","JS0064"
"JS0085-20120116-006.wav","V","AAAAAAAAAAAAA",85,6,"16/01/2012","JS0085","V",NA,"Pale Blue","JS0064","JS0064"
"JS0085-20120116-007.wav","V","AAAAAAAAAAAA",85,7,"16/01/2012","JS0085","V",NA,"Pale Blue","JS0064","JS0064"
"JS0085-20120116-008.wav","V","DDDDDDDAAAAAAAAAAAAAA",85,8,"16/01/2012","JS0085","V",NA,"Pale Blue","JS0064","JS0064"
"JS0085-20120116-009.wav","V","AAAAAAAAAAAAAAAAA",85,9,"16/01/2012","JS0085","V",NA,"Pale Blue","JS0064","JS0064"
"JS0085-20120116-010.wav","V","AAAAAAAAAAAAAAAAA",85,10,"16/01/2012","JS0085","V",NA,"Pale Blue","JS0064","JS0064"
"JS0086-20120118-001.wav","V","AAAAAAAAAAA",86,1,"18/01/2012","JS0086","V",NA,"Pale Blue","JS0064","JS0064"
"JS0086-20120118-002.wav","V","AAAAAAAAAAA",86,2,"18/01/2012","JS0086","V",NA,"Pale Blue","JS0064","JS0064"
"JS0086-20120118-003.wav","V","AAAAAA",86,3,"18/01/2012","JS0086","V",NA,"Pale Blue","JS0064","JS0064"
"JS0086-20120118-004.wav","V","AAAAAAAAA",86,4,"18/01/2012","JS0086","V",NA,"Pale Blue","JS0064","JS0064"
"JS0086-20120118-005.wav","V","AAAAAA",86,5,"18/01/2012","JS0086","V",NA,"Pale Blue","JS0064","JS0064"
"JS0086-20120118-006.wav","V","AAAAAAA",86,6,"18/01/2012","JS0086","V",NA,"Pale Blue","JS0064","JS0064"
"JS0086-20120118-007.wav","V","AAAAAAAAAAAAAADAAAA",86,7,"18/01/2012","JS0086","V",NA,"Pale Blue","JS0064","JS0064"
"JS0086-20120118-008.wav","V","AAAAAAAAA",86,8,"18/01/2012","JS0086","V",NA,"Pale Blue","JS0064","JS0064"
"JS0086-20120118-009.wav","V","AAAAAA",86,9,"18/01/2012","JS0086","V",NA,"Pale Blue","JS0064","JS0064"
"JS0086-20120118-010.wav","V","AAAAAAAAAAAAAAAAAAA",86,10,"18/01/2012","JS0086","V",NA,"Pale Blue","JS0064","JS0064"
"JS0189-20180513-001.wav","W","AAAAAAAAAAAAAAAAAAAAAAAAAAAAAAAAAAAAAAAAAA",189,1,"13/05/2018","JS0189","W",NA,"Pale Blue","JS0086","JS0102"
"JS0189-20180513-002.wav","W","AAAAAAAAAAAAAAAAAAAAAAAAAAA",189,2,"13/05/2018","JS0189","W",NA,"Pale Blue","JS0086","JS0102"
"JS0189-20180513-003.wav","W","AAAAAAAAAAAAAAAAAAAAAAAAAAAAAAAAAAAAAAAA",189,3,"13/05/2018","JS0189","W",NA,"Pale Blue","JS0086","JS0102"
"JS0189-20180513-004.wav","W","DDAAAAAAAAAAAAAAAAAAAAAAAAAAAAAAAAAAAAAAA",189,4,"13/05/2018","JS0189","W",NA,"Pale Blue","JS0086","JS0102"
"JS0189-20180513-005.wav","W","AAAAAAAAAAAAAAAAAAAAAAAAAAAAAAAAAAAA",189,5,"13/05/2018","JS0189","W",NA,"Pale Blue","JS0086","JS0102"
"JS0189-20180513-006.wav","W","AAAAAAAAAAAAAAAAAAAAAAAAAAAAAAAAAA",189,6,"13/05/2018","JS0189","W",NA,"Pale Blue","JS0086","JS0102"
"JS0189-20180513-007.wav","W","AAAAAAAAAAAAAAAAAAADAAAAAAAA",189,7,"13/05/2018","JS0189","W",NA,"Pale Blue","JS0086","JS0102"
"JS0189-20180513-008.wav","W","AAAAAAAAAAAAAAAAAAAAAAAAAAAA",189,8,"13/05/2018","JS0189","W",NA,"Pale Blue","JS0086","JS0102"
"JS0189-20180513-009.wav","W","AAAAAAAAAAAAAAAAAAAAAAAAAAAAAAAAAAAA",189,9,"13/05/2018","JS0189","W",NA,"Pale Blue","JS0086","JS0102"
"JS0189-20180513-010.wav","W","AAAAAAAAAAAAAAA",189,10,"13/05/2018","JS0189","W",NA,"Pale Blue","JS0086","JS0102"
"JS0219-20180621-001.wav","X","AAAAAAAAAAAAAADADAADADADAAADAADAAA",219,1,"21/06/2018","JS0219","X",NA,"Pale Blue","JS0189","JS0094"
"JS0219-20180621-002.wav","X","AAAAAAAAAAAAAADAADAAADAAAAAAAAA",219,2,"21/06/2018","JS0219","X",NA,"Pale Blue","JS0189","JS0094"
"JS0219-20180621-003.wav","X","AAAAAAAAAAAAAAAADAADADADADADAADAAAAAAAAAAAAAAAA",219,3,"21/06/2018","JS0219","X",NA,"Pale Blue","JS0189","JS0094"
"JS0219-20180621-004.wav","X","AAAAAAAAAAAAAAADAAAAAAAAAAAAAAA",219,4,"21/06/2018","JS0219","X",NA,"Pale Blue","JS0189","JS0094"
"JS0219-20180621-005.wav","X","AAAAAAAAAAAAAAADADADADADADADA",219,5,"21/06/2018","JS0219","X",NA,"Pale Blue","JS0189","JS0094"
"JS0219-20180621-006.wav","X","AAAAAAAAAAAAADADAADADADADAAAAAADAAADAA",219,6,"21/06/2018","JS0219","X",NA,"Pale Blue","JS0189","JS0094"
"JS0219-20180621-007.wav","X","AAAAAAAAAAAAAAAAAAAAAAAAAAAAAAAAA",219,7,"21/06/2018","JS0219","X",NA,"Pale Blue","JS0189","JS0094"
"JS0219-20180621-008.wav","X","AAAAAAAAAAAAAAADAAAAADAAAAAAAAAAAAA",219,8,"21/06/2018","JS0219","X",NA,"Pale Blue","JS0189","JS0094"
"JS0219-20180621-009.wav","X","AAAAAAAAAAAADADADADADADADADADADAAAADA",219,9,"21/06/2018","JS0219","X",NA,"Pale Blue","JS0189","JS0094"
"JS0219-20180621-010.wav","X","AAAAAAAAAAAAADADADADADADADADADAADAADAAAADAAAAA",219,10,"21/06/2018","JS0219","X",NA,"Pale Blue","JS0189","JS0094"
"JS0220-20181115-001.wav","X","AAAAAAAAAAAAAAAAAAAAA",220,1,"15/11/2018","JS0220","X",NA,"Pale Blue","JS0189","JS0094"
"JS0220-20181115-002.wav","X","AAAAAAAAAAAAAAAAAAA",220,2,"15/11/2018","JS0220","X",NA,"Pale Blue","JS0189","JS0094"
"JS0220-20181115-003.wav","X","AAAAAAAAAAAAAAAA",220,3,"15/11/2018","JS0220","X",NA,"Pale Blue","JS0189","JS0094"
"JS0220-20181115-004.wav","X","AAAAAAAAAAAAAAAAAAAA",220,4,"15/11/2018","JS0220","X",NA,"Pale Blue","JS0189","JS0094"
"JS0220-20181115-005.wav","X","AAAAAAAAAAAAAAAA",220,5,"15/11/2018","JS0220","X",NA,"Pale Blue","JS0189","JS0094"
"JS0220-20181115-006.wav","X","AAAAAAAAAAAAAAAA",220,6,"15/11/2018","JS0220","X",NA,"Pale Blue","JS0189","JS0094"
"JS0220-20181115-007.wav","X","AAAAAAAAAAAAAAAAAAAA",220,7,"15/11/2018","JS0220","X",NA,"Pale Blue","JS0189","JS0094"
"JS0220-20181115-008.wav","X","AAAAAAAAAAAAAAAAAAAAAA",220,8,"15/11/2018","JS0220","X",NA,"Pale Blue","JS0189","JS0094"
"JS0220-20181115-009.wav","X","AAAAAAAAAAAAAAAAAAAAA",220,9,"15/11/2018","JS0220","X",NA,"Pale Blue","JS0189","JS0094"
"JS0220-20181115-010.wav","X","AAAAAAAAAAAAAAAAAAAAAAA",220,10,"15/11/2018","JS0220","X",NA,"Pale Blue","JS0189","JS0094"
"JS0036-20111025-001.wav","Y","DAABBBABABBBBBBB",36,1,"25/10/2011","JS0036","Y",NA,"Pale Green",NA,NA
"JS0036-20111025-002.wav","Y","AABBBABBBBBBBBBBB",36,2,"25/10/2011","JS0036","Y",NA,"Pale Green",NA,NA
"JS0036-20111025-003.wav","Y","ABBBBABABBBBBBBBB",36,3,"25/10/2011","JS0036","Y",NA,"Pale Green",NA,NA
"JS0036-20111025-004.wav","Y","AABBBBABBBBB",36,4,"25/10/2011","JS0036","Y",NA,"Pale Green",NA,NA
"JS0036-20111025-005.wav","Y","AABBBBABABBB",36,5,"25/10/2011","JS0036","Y",NA,"Pale Green",NA,NA
"JS0036-20111025-006.wav","Y","AABBBABABBBBBBBB",36,6,"25/10/2011","JS0036","Y",NA,"Pale Green",NA,NA
"JS0036-20111025-007.wav","Y","AABBBABABBBBBBBBBPAABBBAB",36,7,"25/10/2011","JS0036","Y",NA,"Pale Green",NA,NA
"JS0036-20111025-008.wav","Y","AABBBABABBBBBBB",36,8,"25/10/2011","JS0036","Y",NA,"Pale Green",NA,NA
"JS0036-20111025-009.wav","Y","AABBBBABABBBBBB",36,9,"25/10/2011","JS0036","Y",NA,"Pale Green",NA,NA
"JS0036-20111025-010.wav","Y","AABBBBABABBBBBBB",36,10,"25/10/2011","JS0036","Y",NA,"Pale Green",NA,NA
"JS0066-20200227-001.wav","Z","DDEAABBABABBBBBBBBBBBBBA",66,1,"27/02/2020","JS0066","Z",NA,"Pale Green","JS0036","JS0036"
"JS0066-20200227-002.wav","Z","DAABBABABBBBBBBBBBBBBB",66,2,"27/02/2020","JS0066","Z",NA,"Pale Green","JS0036","JS0036"
"JS0066-20200227-003.wav","Z","AABBABBBBBBBBBBB",66,3,"27/02/2020","JS0066","Z",NA,"Pale Green","JS0036","JS0036"
"JS0066-20200227-004.wav","Z","AABBABBBBBBBBBBBB",66,4,"27/02/2020","JS0066","Z",NA,"Pale Green","JS0036","JS0036"
"JS0066-20200227-005.wav","Z","AAABBABBBBBBBBBBAAABBABB",66,5,"27/02/2020","JS0066","Z",NA,"Pale Green","JS0036","JS0036"
"JS0066-20200227-006.wav","Z","AABBABBBBBBBBBBBBBB",66,6,"27/02/2020","JS0066","Z",NA,"Pale Green","JS0036","JS0036"
"JS0066-20200227-007.wav","Z","DAABBABBBBBBBBBA",66,7,"27/02/2020","JS0066","Z",NA,"Pale Green","JS0036","JS0036"
"JS0066-20200227-008.wav","Z","AABBABABBBBBBBBBBBBBB",66,8,"27/02/2020","JS0066","Z",NA,"Pale Green","JS0036","JS0036"
"JS0067-20150407-001.wav","Z","AAAAABBBABABBBBBBBBBBBBBBBBB",67,1,"07/04/2015","JS0067","Z",NA,"Pale Green","JS0036","JS0036"
"JS0067-20150407-002.wav","Z","AAAAAABBBABABBBBBBBBBBBBBBBBBBB",67,2,"07/04/2015","JS0067","Z",NA,"Pale Green","JS0036","JS0036"
"JS0067-20150407-003.wav","Z","AAABBBBABABBBBBBBBBBBBBB",67,3,"07/04/2015","JS0067","Z",NA,"Pale Green","JS0036","JS0036"
"JS0067-20150407-004.wav","Z","AAAAABBBBABABBBBBBBBBBBB",67,4,"07/04/2015","JS0067","Z",NA,"Pale Green","JS0036","JS0036"
"JS0067-20150407-005.wav","Z","AAAABBBBABABBBBBBBBBBB",67,5,"07/04/2015","JS0067","Z",NA,"Pale Green","JS0036","JS0036"
"JS0067-20150407-006.wav","Z","DAABBBBABABBBBBBBBBBB",67,6,"07/04/2015","JS0067","Z",NA,"Pale Green","JS0036","JS0036"
"JS0067-20150407-007.wav","Z","AAAABBBBABABBBBBBBBBBBB",67,7,"07/04/2015","JS0067","Z",NA,"Pale Green","JS0036","JS0036"
"JS0067-20150407-008.wav","Z","AAAABBBABABBBBBBBBBBBBBBBBBBB",67,8,"07/04/2015","JS0067","Z",NA,"Pale Green","JS0036","JS0036"
"JS0067-20150407-009.wav","Z","AAAAAABBBABABBBBBBBBBB",67,9,"07/04/2015","JS0067","Z",NA,"Pale Green","JS0036","JS0036"
"JS0067-20150407-010.wav","Z","DAABBBBABABBBBBBBBBBB",67,10,"07/04/2015","JS0067","Z",NA,"Pale Green","JS0036","JS0036"
"JS0068-20150118-001.wav","Z","AAAAAAAAABBABABBBBBBB",68,1,"18/01/2015","JS0068","Z",NA,"Pale Green","JS0036","JS0036"
"JS0068-20150119-001.wav","Z","DAABBABABBBBB",68,1,"19/01/2015","JS0068","Z",NA,"Pale Green","JS0036","JS0036"
"JS0068-20150119-002.wav","Z","DDAAAAAABBABABBBBBBBBB",68,2,"19/01/2015","JS0068","Z",NA,"Pale Green","JS0036","JS0036"
"JS0068-20150119-003.wav","Z","AAAAAAAAABBABABBBBBBBB",68,3,"19/01/2015","JS0068","Z",NA,"Pale Green","JS0036","JS0036"
"JS0068-20150119-004.wav","Z","AAAAAAABBABABBBBBBBBBB",68,4,"19/01/2015","JS0068","Z",NA,"Pale Green","JS0036","JS0036"
"JS0068-20150119-005.wav","Z","AAAAAAABBABABBBBBBBBBBB",68,5,"19/01/2015","JS0068","Z",NA,"Pale Green","JS0036","JS0036"
"JS0068-20150119-006.wav","Z","AAAAAABBABABBBBBBBBBBB",68,6,"19/01/2015","JS0068","Z",NA,"Pale Green","JS0036","JS0036"
